gene,magnitude,S,R,target_baseMean,n_cells_target,detectable,C
RAC1,4.319482326507568,0.033098254352808,-0.043809033930301666,1.5978790521621704,84,False,
SUOX,4.49260139465332,0.022473279386758804,-0.005509727168828249,0.03553801774978638,96,False,
TNFSF15,5.311878204345703,0.002279045060276985,-0.016069384291768074,0.07508139312267303,67,True,0.10469011725293133
IL2RA,6.31165075302124,0.1840396225452423,0.1843700408935547,0.005296478513628244,97,True,0.8425460636515913
BBS9,5.480863571166992,0.01880412921309471,-0.1648397147655487,0.006425587460398674,56,True,0.05946398659966499
LZTS1,3.853151321411133,0.09236975014209747,0.02246975153684616,0.04759742692112923,118,False,
TAB1,3.8305892944335938,0.14051024615764618,-0.0449683740735054,0.05189282447099686,140,False,
SLC26A4-AS1,4.304678440093994,0.006727305240929127,-0.10647254437208176,,109,False,
RNF25,4.911567687988281,0.003051083069294691,-0.03949100896716118,0.07572028040885925,76,True,0.08793969849246232
AP1AR,3.852036476135254,0.059032175689935684,-0.017484553158283234,0.05572164058685303,146,False,
PRKCQ-AS1,4.808062553405762,0.12389402836561203,-0.005099266767501831,,94,True,0.6197654941373535
CSMD3,3.952601194381714,0.022676868364214897,0.0936637818813324,0.000997259863652289,124,False,
FUT2,4.408034324645996,0.013698401860892773,-0.013873659074306488,0.0010796062415465713,91,False,
FOXF1,4.066402912139893,0.048975180834531784,-0.09876372665166855,0.021312884986400604,101,False,
RIPK2,4.160977363586426,0.09917428344488144,0.028572499752044678,0.6765722632408142,108,False,
IKBKG,7.703303813934326,0.3182055354118347,0.49068424105644226,0.13122084736824036,91,True,0.8911222780569514
IL12B,4.453782081604004,0.14310775697231293,0.17047786712646484,0.017261046916246414,134,False,
HSPD1,4.782249450683594,0.059181928634643555,0.01559431105852127,1.3760457038879395,84,True,0.5117252931323283
JUNB,4.705501556396484,0.042051102966070175,0.047814641147851944,1.1109771728515625,109,False,
MAX,4.470245838165283,0.08632542192935944,0.055622100830078125,0.23476438224315643,90,False,
HAX1,5.316735744476318,0.0577453151345253,-0.04413225129246712,0.5914831161499023,67,True,0.27721943048576214
NAAA,3.8379039764404297,0.008542641997337341,-0.06915570050477982,0.06056540086865425,120,False,
RXRA,4.518055438995361,0.06668867915868759,-0.03949954733252525,0.37929433584213257,82,False,
RELB,4.721639156341553,0.13219177722930908,0.10697105526924133,0.6162899732589722,103,True,0.9254606365159128
NOD2,4.47137975692749,0.033225029706954956,0.012069221585988998,0.03882481902837753,108,False,
ZBTB7C,3.9132893085479736,0.032775428146123886,0.018842794001102448,0.0545925572514534,122,False,
FLI1,6.178102970123291,0.14254586398601532,0.1457761824131012,0.20312322676181793,83,True,0.8065326633165829
ACTL6A,7.836687088012695,0.02937745861709118,0.11939071118831635,0.17648011445999146,47,True,0.42462311557788945
KIF15,5.692236423492432,0.02274150773882866,-0.06503234058618546,0.09347902238368988,76,True,0.08877721943048576
C6orf47,5.391075134277344,0.0957091823220253,0.11307189613580704,0.11290393769741058,86,True,0.7386934673366834
MICA,4.522392749786377,0.00343580124899745,-0.042997345328330994,0.10615181177854538,90,False,
SGMS1,4.178366184234619,0.030507592484354973,-0.0639701634645462,0.035838935524225235,97,False,
RALBP1,4.7252092361450195,0.106890968978405,0.02728620544075966,0.6017618775367737,87,True,0.7060301507537687
MDC1,4.280359268188477,0.024742772802710533,7.332675158977509e-05,0.12329407781362534,99,False,
ATF1,4.177368640899658,0.09447288513183594,0.04807460308074951,0.054304346442222595,114,False,
TRADD,3.817920207977295,0.05547464266419411,-0.020608533173799515,0.18282373249530792,104,False,
ASCC1,4.726741790771484,0.01344390120357275,-0.016023118048906326,0.09316450357437134,82,True,0.22613065326633164
LINC00923,5.181285858154297,0.0833217054605484,-0.009769018739461899,0.010582041926681995,71,True,0.4514237855946399
NFIC,4.327652454376221,0.1070549264550209,0.20384621620178223,0.3501492738723755,151,False,
MAP2K3,4.084333419799805,0.019830385223031044,-0.04034317657351494,0.31739792227745056,121,False,
S100A9,4.6042656898498535,0.07102622836828232,-0.03124908171594143,0.3203341066837311,72,False,
IL23R,5.509542465209961,0.10019209235906601,0.09296505898237228,,69,True,0.7194304857621441
MSRA,5.6086506843566895,0.12585768103599548,0.1712263524532318,0.49272722005844116,86,True,0.8216080402010051
CD14,5.552165508270264,0.11092163622379303,0.03529318422079086,0.3032100200653076,109,True,0.6281407035175879
REL,4.036365509033203,0.10956834256649017,0.057174090296030045,1.4009822607040405,119,False,
LEO1,6.462471008300781,0.0712045431137085,0.31135275959968567,0.20014198124408722,87,True,0.6926298157453936
TNF,4.058053970336914,0.02959398366510868,-0.036521926522254944,0.6852447390556335,109,False,
AKT1,5.90561056137085,0.021794751286506653,0.06895126402378082,0.24088141322135925,71,True,0.3609715242881072
SIGLEC5,5.104022026062012,0.002548521151766181,0.0031817788258194923,0.0017398224445059896,65,True,0.18257956448911222
CEP290,5.990135669708252,0.13686849176883698,-0.00328569277189672,0.117710180580616,59,True,0.525963149078727
RCAN1,5.217873573303223,0.06060650199651718,-0.04311984032392502,0.5595000982284546,76,True,0.30234505862646566
HLA-DOA,4.091983795166016,0.03822765499353409,0.002371080219745636,,128,False,
PPM1D,4.212538242340088,0.012095334939658642,-0.031859204173088074,0.051564764231443405,100,False,
IFNGR2,4.872251510620117,0.054483577609062195,-0.041697144508361816,0.9455264806747437,80,True,0.3157453936348409
RAB32,3.5514438152313232,0.004018433392047882,-0.042274899780750275,0.236357644200325,142,False,
ECSIT,4.71190881729126,0.10410507768392563,0.02780461311340332,0.08559633046388626,95,False,
CD19,4.5923848152160645,0.002845941111445427,0.039436131715774536,0.003355873515829444,82,False,
DUSP1,4.200809955596924,0.041322581470012665,-0.07048679888248444,0.3876573145389557,111,False,
MAP2K6,4.897622108459473,0.03118029050529003,0.024160709232091904,0.004213032778352499,88,True,0.4028475711892797
NLRX1,3.8960869312286377,0.05117238312959671,-0.03561368212103844,0.07068730890750885,123,False,
VARS2,6.133243083953857,0.05030865594744682,0.13374663889408112,0.03608473390340805,60,True,0.5527638190954773
LINGO2,4.341268539428711,0.07992663979530334,-0.0006081108003854752,,111,False,
SAA1,4.985902309417725,0.06904111802577972,-0.18759793043136597,0.01085682027041912,75,True,0.2989949748743719
ANGPTL6,4.683232307434082,0.06612426042556763,-0.011021588928997517,0.007755286525934935,91,False,
TICAM1,4.10558557510376,0.009392376989126205,0.026859665289521217,0.14928774535655975,108,False,
DNTTIP1,6.478740692138672,0.07508522272109985,0.2357218712568283,0.2745952010154724,74,True,0.6867671691792294
PPIF,4.463218688964844,0.013373087160289288,-0.00040048733353614807,1.281895637512207,106,False,
TMX2-CTNND1,4.679261684417725,0.012153564020991325,0.0065786587074398994,,105,False,
MIB2,6.275653839111328,0.016026917845010757,-0.002485578879714012,0.11518499255180359,45,True,0.14154103852596314
KRT10,4.380690097808838,0.047667764127254486,-0.07701150327920914,0.5561853051185608,96,False,
CARD19,4.541968822479248,0.08114326745271683,-0.02806135080754757,0.49406176805496216,94,False,
HLA-F,3.9037187099456787,0.012249590829014778,-0.08919944614171982,0.0026381874922662973,119,False,
CFD,4.149589538574219,0.02300652302801609,-0.12524254620075226,0.3359220027923584,105,False,
CNEP1R1,5.036683559417725,0.053841691464185715,0.13279931247234344,0.04244668036699295,80,True,0.6566164154103853
CCNG1,4.989965915679932,0.015828341245651245,-0.10491514205932617,0.34730350971221924,73,True,0.08542713567839197
G6PC3,4.444485664367676,0.007605863269418478,0.007975705899298191,0.3231748044490814,109,False,
CLEC16A,4.715860843658447,0.022213907912373543,-0.0031109617557376623,0.06204525753855705,88,False,
MAP2K2,4.591183185577393,0.012939317151904106,0.1745930016040802,0.6963176727294922,146,False,
TRIM26,4.181779384613037,0.09358608722686768,-0.04133224114775658,0.1853126585483551,121,False,
UQCRH,4.211232662200928,0.06289160996675491,0.03371338173747063,2.1254494190216064,116,False,
AICDA,4.555020332336426,0.10005312412977219,0.028101371601223946,0.0009267290006391704,94,False,
LACC1,3.939574718475342,0.14066031575202942,0.08694420754909515,0.46137917041778564,158,False,
MAPK14,3.88777756690979,0.04602641612291336,0.0010641391854733229,0.2598867118358612,139,False,
RDH14,3.9126203060150146,0.007386223878711462,0.007636177819222212,0.11273188143968582,126,False,
IRF7,4.8780903816223145,0.009557061828672886,-0.03857060894370079,0.4863421320915222,71,True,0.11809045226130653
HLA-F-AS1,4.877804279327393,0.042838238179683685,0.12190112471580505,,100,True,0.6381909547738693
RPS26,5.645833969116211,0.009297475218772888,0.0321030430495739,1.7302767038345337,72,True,0.2412060301507538
TXNDC17,6.435675621032715,0.06010296568274498,0.057602658867836,1.1466888189315796,48,True,0.4857621440536013
TAB2,4.633133411407471,0.000409193045925349,-0.04422168433666229,0.4307577908039093,86,False,
ARAP2,4.492988586425781,0.006209075450897217,-0.0017693187110126019,0.09512724727392197,83,False,
PRKCE,4.8587188720703125,0.01777527667582035,-0.07574466615915298,0.014530991204082966,67,True,0.11641541038525963
TNFRSF14,3.9797587394714355,0.042460959404706955,-0.03425375744700432,0.13399706780910492,121,False,
GSK3B,4.456230640411377,0.027518874034285545,0.0026620603166520596,0.4017549455165863,99,False,
ARPC4-TTLL3,4.930382251739502,0.028733814135193825,-0.0303860604763031,,87,True,0.23115577889447236
GYPE,4.805120944976807,0.05996782332658768,0.006244653835892677,,80,True,0.48827470686767166
NFYC-AS1,4.998032569885254,0.09910288453102112,0.26867422461509705,0.15227001905441284,118,True,0.8676716917922949
CARD6,4.964198589324951,0.038386501371860504,0.0058441502042114735,0.2529773712158203,71,True,0.3693467336683417
PSCA,4.519537448883057,0.029669303447008133,0.044050510972738266,0.0010018276516348124,109,False,
ITGAL,4.749234199523926,0.01580324023962021,-0.09642980992794037,0.0861712396144867,75,True,0.11390284757118928
FADD,5.54294490814209,0.08134841918945312,0.07810162007808685,0.08359600603580475,78,True,0.6323283082077051
DLEC1,4.13234806060791,0.007673525717109442,0.014776015654206276,0.0007072859443724155,97,False,
IL1B,3.6814770698547363,0.008377857506275177,-0.034723058342933655,2.0158350467681885,116,False,
SNX13,4.171175479888916,0.08159059286117554,-0.023558950051665306,0.19370709359645844,103,False,
SLC12A5,4.139120578765869,0.0051289829425513744,-0.053560830652713776,0.06817392259836197,112,False,
IGSF11,4.72769832611084,0.0020181669387966394,0.03433423861861229,0.005547921638935804,86,True,0.3174204355108877
RPN2,4.157159328460693,0.04117801412940025,0.03209645301103592,1.057687520980835,117,False,
RAD54L,3.479233503341675,0.053978219628334045,0.04528820887207985,0.04543502256274223,141,False,
ZFP36,5.1597771644592285,0.19226796925067902,0.02492871880531311,0.1339130848646164,107,True,0.7135678391959799
IL6ST,4.375137805938721,0.057520490139722824,0.05801505595445633,0.2010129988193512,109,False,
ZCCHC11,4.237267017364502,0.06212431564927101,0.012376858852803707,,89,False,
E2F7,5.109388828277588,0.1650008261203766,0.022452164441347122,0.1484670639038086,111,True,0.6993299832495812
TUBGCP2,5.594651699066162,0.11636269092559814,0.10623328387737274,0.4703215956687927,69,True,0.7512562814070352
ADO,4.268046855926514,0.043132342398166656,0.020899876952171326,0.23059086501598358,105,False,
AGPAT1,4.069400787353516,0.035320013761520386,-0.02952667698264122,0.44261589646339417,114,False,
BRD7,4.560454845428467,0.05563199147582054,0.0035289605148136616,0.5033860802650452,83,False,
MS4A14,4.1627726554870605,0.03511996939778328,-0.03452533483505249,0.06247720494866371,108,False,
HLA-DRB6,4.784426212310791,0.027070432901382446,0.056744739413261414,,85,True,0.4698492462311558
MICB,6.076234340667725,0.12119220942258835,0.1137150302529335,0.06732220202684402,67,True,0.7437185929648241
IRAK3,3.9974365234375,0.0829172283411026,-0.04541947320103645,0.11529207229614258,101,False,
JAGN1,4.726093292236328,0.03742935508489609,0.018412290140986443,0.3265075385570526,90,True,0.43634840871021774
OTUD3,4.432590961456299,0.007922244258224964,0.02180093713104725,0.043399956077337265,89,False,
TANK,7.60504674911499,0.04201052337884903,-0.04216941446065903,0.737974226474762,72,True,0.18090452261306533
S100A8,5.510191440582275,0.018294677138328552,0.03941477835178375,0.11171645671129227,60,True,0.3015075376884422
APOM,4.11933708190918,0.060319967567920685,-0.023991482332348824,0.0472821369767189,97,False,
TMPRSS11F,4.940648078918457,0.02571863681077957,0.034370455890893936,,110,True,0.39698492462311563
SLC35C1,4.506097316741943,0.0404762364923954,-0.059901487082242966,0.028610557317733765,96,False,
CASP8,4.259951591491699,0.047270677983760834,-0.12602634727954865,0.2870335876941681,88,False,
CCDC88B,5.115905284881592,0.004776099231094122,0.0361323356628418,0.07227393984794617,72,True,0.28224455611390287
IRAK2,4.584010124206543,0.045541416853666306,0.008356085978448391,0.3086216449737549,89,False,
C1GALT1C1L,4.3339385986328125,0.03281774744391441,0.06135920062661171,0.001216981909237802,98,False,
WASHC5,3.9345953464508057,0.013435829430818558,-0.02925615943968296,0.1732957810163498,114,False,
RNGTT,6.171648979187012,0.17707593739032745,0.17766906321048737,0.15561939775943756,73,True,0.845896147403685
BACH2,4.741464138031006,0.09361419826745987,0.08261267095804214,0.011694828048348427,101,True,0.7897822445561139
FCGR2B,5.731869697570801,0.013121810741722584,0.057965222746133804,0.005645452998578548,64,True,0.3056951423785595
TRAM1,3.9590811729431152,0.05315347760915756,0.0032779891043901443,0.5752836465835571,106,False,
IFI30,5.319880962371826,0.060501884669065475,0.06964593380689621,0.0889129564166069,122,True,0.576214405360134
TOLLIP-AS1,5.005370616912842,0.020206280052661896,0.08265522122383118,0.016751203685998917,90,True,0.46147403685092125
IL10,5.430522441864014,0.11892242729663849,-0.03792840242385864,0.03869284316897392,76,True,0.45477386934673364
CBARP,4.1513447761535645,0.06892552226781845,-0.028674589470028877,0.017692241817712784,129,False,
DOCK8,4.43280553817749,0.006620372179895639,-0.15829065442085266,1.0286319255828857,95,False,
FANCM,4.08687162399292,0.0031035365536808968,-0.16550783812999725,0.06625676155090332,120,False,
PCDH7,4.820515155792236,0.02058229222893715,0.04249034821987152,0.28634458780288696,78,True,0.41289782244556117
TCF19,5.434627532958984,0.008206804282963276,-0.03458333760499954,0.11745688319206238,78,True,0.07705192629815745
EIF5,4.896756172180176,0.06011505424976349,0.07213671505451202,1.5378230810165405,75,True,0.6331658291457287
EFR3A,4.066619873046875,0.011095919646322727,-0.03799549862742424,0.3113231658935547,123,False,
AQP11,4.522019386291504,0.016574475914239883,0.0701916366815567,0.004071901552379131,90,False,
PIK3R1,3.5187458992004395,0.09740470349788666,0.03928634524345398,0.5628969073295593,165,False,
MAPK1,8.524420738220215,0.11180321872234344,0.597955584526062,0.3334880769252777,109,True,0.8040201005025126
GHITM,4.6047682762146,0.030796553939580917,-0.1484924703836441,0.829072892665863,79,False,
ETS2,4.740767478942871,0.0741427093744278,0.05618903413414955,0.132538840174675,93,True,0.6649916247906198
BYSL,6.373216152191162,0.18640975654125214,0.1840321570634842,0.16015319526195526,73,True,0.8433835845896147
HLA-DOB,4.567783355712891,0.09323358535766602,0.049599844962358475,0.006784097291529179,81,False,
STK11,4.228757381439209,0.03318393602967262,-0.04185377061367035,0.16607317328453064,108,False,
NFKBIA,4.972754001617432,0.07237236201763153,0.12722696363925934,1.8379466533660889,99,True,0.7420435510887773
PRDM1,4.347461223602295,0.12050525844097137,0.0678536519408226,0.4382716715335846,130,False,
ATXN7L3,4.006423473358154,0.03653495013713837,-0.08899378776550293,0.16789667308330536,107,False,
RPN1,5.507136344909668,0.12869030237197876,0.09241248667240143,0.5696831345558167,78,True,0.7646566164154104
HLA-E,4.874510765075684,0.038959845900535583,-0.027807973325252533,1.7756484746932983,79,True,0.2897822445561139
ZEB2,4.997632026672363,0.0859110951423645,-0.02263406105339527,1.1567108631134033,84,True,0.4581239530988275
GABRG2,4.734665870666504,0.030193092301487923,0.13455325365066528,0.05329601839184761,115,True,0.6348408710217756
HLA-A,5.036798000335693,0.03782656416296959,0.04104907438158989,2.6489417552948,86,True,0.4514237855946399
GYPC,4.633451461791992,0.036145806312561035,0.020830374211072922,0.9291742444038391,75,False,
PRF1,5.464381217956543,0.08749275654554367,0.03160157799720764,0.03944242745637894,63,True,0.5644891122278057
CSGALNACT1,5.649535655975342,0.08534479141235352,0.09226766228675842,0.03974918648600578,66,True,0.6557788944723618
STK4,3.605327844619751,0.028422914445400238,-0.036694176495075226,0.3229670226573944,131,False,
PRKRA,4.029757022857666,0.061831384897232056,-0.18505601584911346,0.1296205371618271,98,False,
FLOT1,4.101957321166992,0.03013642318546772,-0.03758086636662483,0.30193662643432617,91,False,
NFATC2,4.983535289764404,0.06662911176681519,0.013336571864783764,0.0627942904829979,75,True,0.4991624790619765
NFKBIE,4.8053202629089355,0.10327188670635223,0.047283437103033066,0.6047602891921997,96,True,0.7261306532663316
HSP90B1,5.631186008453369,0.034474242478609085,0.017450105398893356,1.528669834136963,87,True,0.31993299832495814
P2RY11,5.94095516204834,0.12799513339996338,0.06450221687555313,0.059980787336826324,68,True,0.6901172529313233
TAP2,3.711012125015259,0.06134277582168579,-0.01207442581653595,0.3560870885848999,133,False,
IL18R1,4.490645885467529,0.004351126030087471,-0.0013464335352182388,0.22811968624591827,91,False,
KCNU1,5.246037483215332,0.080272376537323,0.048966482281684875,,72,True,0.5946398659966499
BCL10,4.731926441192627,0.1768684685230255,0.07844691723585129,0.15070794522762299,85,True,0.8911222780569514
GSDMC,4.511584758758545,0.11367574334144592,0.08336206525564194,,91,False,
PRKCQ,4.487156867980957,0.058178018778562546,-0.03836476057767868,0.010274730622768402,89,False,
RFWD2,5.592374324798584,0.020368453115224838,0.07799701392650604,,68,True,0.3844221105527638
MAP3K8,3.976790189743042,0.001956483582034707,-0.031750839203596115,0.4628879725933075,113,False,
LGALS9,5.700231552124023,0.034252628684043884,0.06961015611886978,0.6359004378318787,83,True,0.44472361809045224
CASP10,5.486607074737549,0.04972328245639801,-0.2038891613483429,0.11036752164363861,58,True,0.1984924623115578
RNF31,4.571737766265869,0.05297531187534332,-0.022516930475831032,0.006555221509188414,85,False,
VAMP1,5.313628196716309,0.06156284734606743,0.15475991368293762,0.031615663319826126,89,True,0.6892797319932998
DLG5-AS1,4.197810173034668,0.11391406506299973,-0.004034451209008694,,101,False,
MITF,4.505547046661377,0.10272633284330368,0.02340666949748993,0.07910780608654022,96,False,
NPL,3.5355520248413086,0.13203607499599457,-0.020645659416913986,0.3083213269710541,127,False,
XKR6,3.74635648727417,0.006378558464348316,-0.0447930209338665,0.03157026693224907,129,False,
NFKB1,5.578376293182373,0.09691914916038513,0.08118312805891037,1.1518404483795166,70,True,0.6859296482412061
MALT1,4.552061080932617,0.015620492398738861,-0.23366960883140564,0.18252448737621307,112,False,
DMD,4.780839443206787,0.004190495703369379,-0.10273035615682602,0.009199289605021477,90,True,0.04606365159128978
JAZF1,4.2722086906433105,0.16577373445034027,0.21793913841247559,0.03373093158006668,156,False,
ZNRD1,4.735128879547119,0.0033338088542222977,-0.14766481518745422,0.1462143212556839,70,True,0.04103852596314908
YEATS4,5.3068528175354,0.03129149600863457,0.25042372941970825,0.15328340232372284,130,True,0.6122278056951423
CTBP1,5.498878479003906,0.0899900421500206,0.21764245629310608,0.244358092546463,90,True,0.7964824120603016
PRKCH,4.873447895050049,0.06776668131351471,-0.1613822877407074,0.05107175186276436,63,True,0.3065326633165829
SAMD9,5.964480876922607,0.09091123938560486,-0.0022806357592344284,1.1255230903625488,67,True,0.45058626465661644
ERBB2,4.097337245941162,0.03630394861102104,-0.05599072575569153,0.007230089511722326,127,False,
A4GALT,5.620694160461426,0.007124552968889475,0.03697260841727257,0.03385068476200104,68,True,0.2512562814070352
SHARPIN,4.788829326629639,0.029494665563106537,-0.010579953901469707,0.36077290773391724,67,True,0.304857621440536
KRAS,4.56974983215332,0.13527217507362366,0.042776960879564285,0.14836058020591736,108,False,
L3MBTL3,3.7240450382232666,0.05972762778401375,-0.03737995773553848,0.02472013607621193,122,False,
HLA-DRB1,4.611988067626953,0.048589952290058136,0.012832577340304852,0.07011307030916214,100,False,
HAT1,4.5955986976623535,0.08841104060411453,0.008297196589410305,0.3203698992729187,102,False,
NIPAL2,3.8137319087982178,0.02867077849805355,-0.003483150154352188,0.08941860496997833,110,False,
CCDC22,4.203439235687256,0.09620177745819092,0.16646215319633484,0.09723354130983353,124,False,
TMED7-TICAM2,3.825201988220215,0.024493340402841568,-0.09424073249101639,,135,False,
CARD9,4.418754577636719,0.04886128753423691,0.1460275799036026,0.08638133853673935,122,False,
TGIF1,3.773672580718994,0.02121765911579132,0.03757655993103981,0.0828910768032074,120,False,
NR3C1,5.1835784912109375,0.003966065123677254,-0.09417909383773804,1.7762426137924194,74,True,0.025963149078726967
RAB5C,5.588959693908691,0.06239110976457596,-0.05826544016599655,0.7239664196968079,81,True,0.27386934673366836
ERG,6.238840579986572,0.0011891900794580579,-0.08665560930967331,0.0040404158644378185,75,True,0.007537688442211055
TLR2,4.469883918762207,0.05663023144006729,-0.04422774165868759,0.2524212896823883,109,False,
NEUROD4,5.791935920715332,0.11943268775939941,0.10869668424129486,,78,True,0.7462311557788945
HLA-J,4.032493591308594,0.07825888693332672,0.03842088207602501,,118,False,
C1orf141,5.215754985809326,0.12123231589794159,0.02432597242295742,,66,True,0.6432160804020101
BTK,4.462861061096191,0.07485038787126541,-0.024598903954029083,0.25656458735466003,92,False,
IRF1,4.138200283050537,0.02899470180273056,-0.059823356568813324,1.9209818840026855,103,False,
KSR1,4.039974212646484,0.046652790158987045,-0.02997990883886814,0.012728285044431686,109,False,
AKIRIN2,4.252650260925293,0.002612798009067774,-0.024991674348711967,0.32340916991233826,91,False,
SPRED2,4.185550212860107,0.004377528093755245,-0.029711822047829628,0.2588181495666504,119,False,
IL17RA,4.636730194091797,0.06926055997610092,0.02823023870587349,0.2145170122385025,92,False,
GPX4,3.8099205493927,0.012479867786169052,0.0066442666575312614,1.42416512966156,100,False,
MEF2C,4.8628034591674805,0.028430746868252754,0.08909590542316437,1.6171518564224243,89,True,0.525963149078727
PRKN,4.464128017425537,0.012095773592591286,0.06784551590681076,0.006372055038809776,103,False,
TLR10,4.235079765319824,0.007670579478144646,-0.02750786766409874,0.0032038316130638123,123,False,
IKBKB,6.047959327697754,0.016833003610372543,-0.033989980816841125,0.2898814380168915,65,True,0.08877721943048576
XPR1,4.682389259338379,0.04480551555752754,0.07527106255292892,0.11375606805086136,91,False,
HLA-B,4.334756374359131,0.013956939801573753,-0.03968255966901779,2.608044147491455,114,False,
CASP4,5.784052848815918,0.04824725165963173,0.1218365803360939,0.8118113279342651,77,True,0.5443886097152428
SLITRK5,4.246023654937744,0.047622982412576675,-0.04034886136651039,0.09342964738607407,93,False,
CTPS1,3.7640044689178467,0.04085157439112663,-0.07372692972421646,0.5466228127479553,113,False,
NFKB2,5.17812442779541,0.07132892310619354,0.17404811084270477,0.6237740516662598,92,True,0.745393634840871
ALG2,4.127840995788574,0.0335121788084507,0.002738603390753269,0.14809748530387878,114,False,
KMT2D,4.553725242614746,0.027089988812804222,0.15133515000343323,0.059480588883161545,123,False,
PSMB9,5.402496337890625,0.06862735748291016,-0.05968736857175827,1.162074327468872,81,True,0.30150753768844224
OTULIN,5.177602767944336,0.058553602546453476,0.12906664609909058,0.564570963382721,78,True,0.6541038525963149
KAT5,5.652098178863525,0.09666239470243454,0.14655447006225586,0.134438619017601,72,True,0.7420435510887773
MED30,5.94041109085083,0.07532375305891037,0.07965880632400513,0.07870763540267944,75,True,0.6005025125628141
MAP2K4,4.002103328704834,0.033692099153995514,-0.05749180540442467,0.10385865718126297,108,False,
TMEM70,4.429915428161621,0.09850464016199112,-0.025469040498137474,0.31687915325164795,109,False,
NFYC,4.550339698791504,0.01554427482187748,0.029726127162575722,1.6536985635757446,87,False,
TBX1,4.268123626708984,0.013102180324494839,-0.05015203356742859,0.062432803213596344,106,False,
HLA-H,5.165099620819092,0.08757144957780838,0.016243215650320053,,73,True,0.5460636515912898
UBE2L3,7.792828559875488,0.03928067162632942,0.16170074045658112,0.7982636094093323,38,True,0.516750418760469
CEBPB,5.31752347946167,0.14872047305107117,0.07237851619720459,0.7992792725563049,87,True,0.7897822445561139
ZNF384,4.186274528503418,0.10727132111787796,0.09681107103824615,0.026983195915818214,109,False,
IER3,3.7544093132019043,0.04832911118865013,-0.1298622339963913,1.4377714395523071,125,False,
DSG1,5.55863618850708,0.014121264219284058,-0.13392654061317444,,85,True,0.041876046901172526
ADCY4,4.026858806610107,0.0410466305911541,0.0574001744389534,0.004999243654310703,115,False,
ZMIZ1,4.989077568054199,0.04593638703227043,-0.008027997799217701,0.29374995827674866,67,True,0.3358458961474037
TTLL7,4.211897850036621,0.09140510112047195,0.02582015097141266,0.015336561016738415,121,False,
IRF3,3.9047303199768066,0.002369905123487115,-0.021486056968569756,0.4094585180282593,107,False,
NLRC5,4.513400554656982,0.007203863002359867,0.0222306028008461,0.34339141845703125,113,False,
MED20,5.640848636627197,0.08426910638809204,0.05849943310022354,0.06386655569076538,68,True,0.5896147403685092
ITGB2-AS1,4.401353359222412,0.00898874830454588,-0.045919790863990784,0.1867140382528305,86,False,
TBK1,4.191458702087402,0.12131919711828232,0.045595474541187286,0.22599969804286957,109,False,
SLC26A4,4.465965270996094,0.048200853168964386,-0.0130310682579875,0.004722209181636572,86,False,
COMMD7,4.139981269836426,0.01594611443579197,0.06174915283918381,0.3007154166698456,114,False,
LST1,4.741912841796875,0.04096630960702896,-0.08704677224159241,0.610933244228363,76,True,0.23450586264656617
TUBA1C,5.888852119445801,0.01902817375957966,0.037278395146131516,0.5943644046783447,80,True,0.2830820770519263
PABPC1,4.269394874572754,0.00305338972248137,0.027788128703832626,1.810355544090271,99,False,
MAN1C1,5.157158374786377,0.013860647566616535,0.0028233006596565247,0.03413313627243042,59,True,0.21440536013400335
DDAH2,5.185998439788818,0.1257692277431488,0.056074079126119614,0.4316716492176056,77,True,0.7252931323283083
NR1H3,4.822275638580322,0.024854715913534164,-0.05709920823574066,0.04946323484182358,75,True,0.1750418760469012
OAS3,5.508293628692627,0.03460894525051117,0.05278077349066734,1.028170108795166,69,True,0.41792294807370184
TMEM258,6.269826889038086,0.16845570504665375,0.26170629262924194,1.3207780122756958,92,True,0.88107202680067
UBE2F-SCLY,4.07532262802124,0.054139651358127594,-0.00972750224173069,,105,False,
TAPBP,6.0028533935546875,0.056636981666088104,0.059830524027347565,1.8649173974990845,58,True,0.4882747068676717
PPP2R1B,3.5767199993133545,0.0006192472646944225,-0.12407791614532471,0.10956243425607681,118,False,
TNFRSF11A,4.963940620422363,0.031170185655355453,-0.04036121815443039,0.00957291480153799,85,True,0.21440536013400335
RAD54B,4.542860507965088,0.08830539137125015,0.022111963480710983,0.04595346003770828,89,False,
IQCH,4.2054266929626465,0.10775680840015411,-0.07695180177688599,0.0027021714486181736,97,False,
SERHL2,4.05863094329834,0.003123049158602953,-0.010013741441071033,0.025345319882035255,96,False,
CTSZ,4.398368835449219,0.002695416798815131,-0.05267687514424324,0.8028821349143982,110,False,
TYK2,7.068477153778076,0.1954343616962433,0.6181778907775879,0.3368588387966156,151,True,0.9020100502512562
SOCS1,4.479936122894287,0.03227164223790169,-0.1839536726474762,0.16017554700374603,107,False,
CLIC1,4.1117753982543945,0.00798956211656332,-0.14310967922210693,1.8542602062225342,100,False,
CTNND1,4.331995964050293,0.057525377720594406,-0.011924716643989086,0.17718157172203064,89,False,
CDHR3,4.913169860839844,0.10850691795349121,-0.06503143161535263,0.012418746016919613,79,True,0.44974874371859297
UNG,5.036070346832275,0.13254986703395844,0.15225356817245483,0.06306815147399902,109,True,0.9078726968174204
ASH2L,6.9271111488342285,0.14694945514202118,0.4670664966106415,0.19405901432037354,126,True,0.8601340033500837
RAB18,4.28840446472168,0.08613592386245728,0.05006258189678192,0.37473100423812866,101,False,
GPR183,4.759004592895508,0.04749908298254013,-0.045359592884778976,0.0999705120921135,82,True,0.28559463986599665
DAB2,4.760839939117432,0.05759524926543236,-0.0012898577842861414,0.5485597848892212,72,True,0.4606365159128978
CYLD,4.915843963623047,0.05189282447099686,-0.006482362747192383,0.6453860402107239,66,True,0.38860971524288107
TLR7,5.461907863616943,0.08538497984409332,-0.0004551750607788563,0.054562848061323166,71,True,0.4589614740368509
TLR4,4.507704734802246,0.10235127061605453,0.074526846408844,0.0627368912100792,112,False,
LPL,5.135721206665039,0.026608608663082123,0.06858184188604355,0.4103030562400818,68,True,0.4463986599664992
KIF23,7.999919891357422,0.09282683581113815,0.20221063494682312,0.09675414115190506,40,True,0.7060301507537688
NOTCH4,4.506080627441406,0.025109685957431793,-0.041047245264053345,0.009912647306919098,102,False,
DBF4,8.059429168701172,0.10389883816242218,0.20797282457351685,0.19252461194992065,68,True,0.7445561139028476
CBLL1,5.950899124145508,0.09015277773141861,0.3361281156539917,0.1111258715391159,112,True,0.7847571189279732
ATP5D,4.666776180267334,0.06674537062644958,0.06344187259674072,,88,False,
SLITRK4,4.559192657470703,0.01240144856274128,-0.0017065810970962048,0.14778931438922882,82,False,
TICAM2,4.410614967346191,0.0854417011141777,0.019410882145166397,0.010134723037481308,102,False,
HLA-L,5.013813018798828,0.03698493540287018,-0.04428350552916527,,62,True,0.21943048576214405
WWC3,4.088647842407227,0.04019630327820778,-0.10797243565320969,0.06147029623389244,112,False,
LRRC32,4.799962997436523,0.03168884664773941,-0.09222503751516342,0.027220556512475014,84,True,0.19095477386934676
HLA-DRB5,4.293132781982422,0.04301118478178978,-0.08730302006006241,0.010892310179769993,102,False,
CBFB,4.651494979858398,0.018743649125099182,0.10281406342983246,0.282077819108963,93,False,
PSMB8-AS1,4.827708721160889,0.1366558074951172,0.10753266513347626,0.25532296299934387,85,True,0.8919597989949749
C1orf106,4.777677059173584,0.12867368757724762,0.09561824053525925,,121,True,0.879396984924623
TAP1,3.8076937198638916,0.13222913444042206,0.07310229539871216,1.1677660942077637,133,False,
CARD10,4.102536201477051,0.037752263247966766,0.036074504256248474,0.0028091026470065117,110,False,
NSMCE2,4.652667999267578,0.0282137393951416,0.025222934782505035,0.2568880021572113,81,False,
APLP1,3.998730182647705,0.11549810320138931,0.09684497117996216,0.044203076511621475,128,False,
UBE2F,4.726221561431885,0.0325198769569397,-0.03706099092960358,0.5769301056861877,102,True,0.27638190954773867
TNFSF11,4.711516380310059,0.12582477927207947,-0.058957356959581375,0.0027643560897558928,77,False,
SLC39A7,9.17581558227539,0.16455166041851044,0.5437440872192383,0.5306007862091064,90,True,0.8517587939698492
ZMIZ1-AS1,5.164985179901123,0.17344918847084045,0.19834758341312408,0.04121108725667,115,True,0.9363484087102178
PLEKHB2,4.570700168609619,0.010299112647771835,-0.018291912972927094,0.5644663572311401,94,False,
EGFR-AS1,4.594003677368164,0.039546553045511246,-0.04329557716846466,,94,False,
TNFRSF1A,5.281340599060059,0.07443547993898392,-0.02302948385477066,0.1624826043844223,68,True,0.38274706867671693
CCR6,5.6360859870910645,0.12773117423057556,0.252412348985672,0.0003329348692204803,116,True,0.8651591289782244
RWDD3,6.010829448699951,0.11171924322843552,-0.057130321860313416,0.033303890377283096,55,True,0.3953098827470687
PPARA,4.945058345794678,0.04728301614522934,0.027261704206466675,0.04329020902514458,83,True,0.4556113902847571
TNFAIP3,5.554428577423096,0.13851861655712128,0.15435123443603516,1.1050529479980469,69,True,0.8383584589614741
CR1,4.647221565246582,0.09107200801372528,0.10226902365684509,,108,False,
TRIB1,4.38820219039917,0.04446202889084816,0.13648992776870728,0.3995024263858795,122,False,
SLC2A8,4.286233425140381,0.02180410921573639,-0.03991594910621643,0.019037365913391113,104,False,
MBL2,4.2032790184021,0.024708107113838196,-0.02295350655913353,,92,False,
CEBPA-AS1,4.442708969116211,0.01103647518903017,-0.26351550221443176,,89,False,
AHR,6.628372669219971,0.09085684269666672,0.31328055262565613,0.11334104835987091,94,True,0.7537688442211055
STK4-AS1,5.062328338623047,0.017135994508862495,-0.11815870553255081,0.0003227840061299503,100,True,0.08207705192629816
LOC339166,4.296538352966309,0.0011758911423385143,-0.09267657995223999,,115,False,
CTNS,3.6688544750213623,0.08168260753154755,-0.07956259697675705,0.061231374740600586,134,False,
ZNF79,4.257384777069092,0.06051507219672203,0.02152043953537941,0.010895311832427979,100,False,
IFNAR1,4.461219787597656,0.0777335986495018,-0.06461828947067261,0.5351573824882507,129,False,
IKZF1,5.014062404632568,0.08693612366914749,0.11805824190378189,1.063887596130371,115,True,0.7554438860971524
NIPBL-AS1,5.943181991577148,0.0552171915769577,-0.09209700673818588,,50,True,0.21105527638190955
CD47,4.590637683868408,0.09606946259737015,0.20460419356822968,0.4547750651836395,133,False,
TYMP,4.305785655975342,0.10672618448734283,0.0035847723484039307,0.7131029367446899,98,False,
ABCF1,4.239474773406982,0.09894409775733948,0.04523507505655289,0.8289695978164673,100,False,
NSF,6.299828052520752,0.00630317535251379,0.018551528453826904,0.32353848218917847,42,True,0.17085427135678394
TMEM176B,3.599851608276367,0.07891680300235748,-0.12988212704658508,0.007598624564707279,138,False,
MAP3K1,4.680157661437988,0.07766658067703247,0.0576024167239666,0.07337313890457153,86,False,
NIPBL,4.810809135437012,0.0036102680023759604,-0.004714038223028183,0.9597949981689453,65,True,0.19095477386934673
ZNF703,5.575747489929199,0.03542612865567207,-0.09102080762386322,0.06724703311920166,60,True,0.15996649916247907
CTSB,5.097072124481201,0.07901864498853683,0.06828106194734573,1.5008416175842285,84,True,0.6499162479061977
USP21,4.3864054679870605,0.0015396684175357223,0.0862276554107666,0.05280158296227455,97,False,
PDCD10,5.365438938140869,0.01507132314145565,-0.02835824154317379,0.5241636037826538,64,True,0.12060301507537688
IL2RG,4.171336650848389,0.018625866621732712,-0.00010790210217237473,0.06163826212286949,112,False,
POLR2L,3.74080753326416,0.03928133472800255,-0.003943678457289934,1.51179838180542,126,False,
DEPDC5,4.77056884765625,0.0683351457118988,0.07273243367671967,0.055128034204244614,90,True,0.6817420435510888
ZCCHC24,4.486196517944336,0.038249075412750244,-0.06583644449710846,0.12451238930225372,90,False,
CISH,4.245113849639893,0.02056371048092842,0.044329043477773666,0.02216988056898117,114,False,
CXCL10,5.425116062164307,0.061485111713409424,-0.049379996955394745,1.7714786529541016,70,True,0.2872696817420436
STAT1,5.324540615081787,0.08713622391223907,0.18245312571525574,1.2882291078567505,99,True,0.7872696817420436
SLC35A1,4.259563446044922,0.030496466904878616,-0.03770340606570244,0.03409482538700104,93,False,
BCL9L,4.457549095153809,0.0245421901345253,0.004930037539452314,0.4658942222595215,98,False,
CSF2RB,4.339200496673584,0.08176173269748688,0.012000154703855515,0.1331299990415573,104,False,
FOS,5.140702724456787,0.0858941525220871,0.2005680501461029,0.12962406873703003,117,True,0.8073701842546064
HLA-DMB,5.029290199279785,0.08272882550954819,0.037566863000392914,0.0012788434978574514,87,True,0.609715242881072
MS4A7,4.132837772369385,0.07091724872589111,-0.05700056999921799,0.5702012181282043,96,False,
MUC22,6.879212856292725,0.015125559642910957,-0.009441493079066277,,55,True,0.10887772194304858
KAT2A,5.234832286834717,0.05771039053797722,0.11830910295248032,0.06216910481452942,74,True,0.6273031825795645
IKBKE,3.9051876068115234,0.012485651299357414,0.03305226191878319,0.38135743141174316,111,False,
HMGB1,6.322752952575684,0.1266079843044281,0.37407517433166504,1.827060341835022,120,True,0.8442211055276382
C2,4.821221351623535,0.05781752988696098,-0.08140172809362411,0.034270938485860825,81,True,0.30067001675041877
DLG2,3.9148073196411133,0.07222689688205719,0.00914150383323431,0.004788194317370653,117,False,
CXCR4,4.339287757873535,0.03112521581351757,0.058742281049489975,0.02995358407497406,97,False,
ARIH2,4.254748344421387,0.049609459936618805,-0.04135134816169739,0.35433122515678406,108,False,
MIDN,4.108208656311035,0.019146697595715523,0.023614445701241493,0.3437868654727936,110,False,
PTGER4,4.559100151062012,0.002600969048216939,0.05062815546989441,0.9883691668510437,96,False,
SFPQ,8.419660568237305,0.16249847412109375,0.4103165864944458,1.1869548559188843,69,True,0.8425460636515912
COMMD6,4.998897552490234,0.008975054137408733,-0.056235771626234055,0.814242959022522,78,True,0.0711892797319933
GPAA1,4.383530616760254,0.012161734513938427,-0.07998834550380707,0.7915082573890686,85,False,
NLRP3,3.7363688945770264,0.07166317105293274,-0.0021779220551252365,0.19316670298576355,110,False,
GNRH1,6.7394914627075195,0.10897943377494812,0.14418388903141022,0.011117791756987572,50,True,0.7370184254606365
FCGR2A,4.763673782348633,0.0228929053992033,0.07783093303442001,0.08733122795820236,114,True,0.5050251256281407
RFXAP,4.73235559463501,0.05268276482820511,-0.021292388439178467,0.02848563902080059,98,True,0.39112227805695143
DPP10,4.448019027709961,0.025497710332274437,-0.006883411202579737,,106,False,
BCL3,4.968739032745361,0.0628587082028389,0.11006766557693481,0.6333339810371399,103,True,0.6876046901172529
IRF5,5.174503326416016,0.18543505668640137,-0.004527260083705187,0.06889484077692032,78,True,0.6172529313232831
CTCF,4.778259754180908,0.0700712651014328,0.06498676538467407,0.3974793553352356,92,True,0.6683417085427136
CD36,6.489634990692139,0.016439098864793777,0.1232016310095787,0.2572023868560791,46,True,0.3869346733668342
RELA,7.097724914550781,0.19921155273914337,0.20251092314720154,0.3507990837097168,54,True,0.8442211055276383
TLR8,3.8610432147979736,0.030703594908118248,0.009114325977861881,0.006949543487280607,111,False,
ICAM1,4.3415937423706055,0.006919527426362038,-0.037888359278440475,1.5669418573379517,87,False,
KSR2,5.277663230895996,0.08773382753133774,0.1328505277633667,,93,True,0.7445561139028476
IL18RAP,4.391824245452881,0.002077939687296748,-0.03769497945904732,0.007201443891972303,92,False,
CEBPA,4.955142974853516,0.002045992063358426,0.018246343359351158,0.08568419516086578,73,True,0.23450586264656617
E2F1,4.931346416473389,0.08989988267421722,0.161980539560318,0.12791389226913452,100,True,0.8366834170854272
BRAF,5.334712982177734,0.11567294597625732,0.0900288075208664,0.19882608950138092,91,True,0.7596314907872697
SBNO2,4.657454490661621,0.10242675989866257,-0.008537974208593369,0.20999595522880554,106,False,
CREB1,4.958491325378418,0.028269624337553978,0.10229520499706268,0.4957405626773834,87,True,0.5226130653266332
MSN,4.678953647613525,0.029931552708148956,-0.1703675389289856,1.458211898803711,80,False,
ATG16L1,4.201751708984375,0.0793110579252243,0.03036542423069477,0.04684316739439964,103,False,
ITPA,4.241992950439453,0.07677185535430908,-0.013452588580548763,0.2517293095588684,113,False,
HIST1H3G,4.385366916656494,0.0629863515496254,-0.06286020576953888,0.02591809630393982,84,False,
TRAF6,7.27679967880249,0.2453433722257614,0.38467925786972046,0.0764693021774292,80,True,0.8894472361809045
STAT2,8.265828132629395,0.13909240067005157,0.5014956593513489,0.5634751319885254,85,True,0.8391959798994975
TOLLIP,4.044013977050781,0.04704473912715912,0.0010038670152425766,0.28542691469192505,97,False,
FGF12,4.130945682525635,0.011256528086960316,-0.01171273086220026,,98,False,
RABGGTA,4.639817714691162,0.018487947061657906,-0.05038169026374817,0.10403924435377121,87,False,
TRPS1,6.4681878089904785,0.16643065214157104,0.2551683783531189,0.44554123282432556,72,True,0.85678391959799
CHUK,6.350319862365723,0.1976774036884308,0.3309559226036072,0.08799563348293304,100,True,0.9003350083752093
PPP2R1A,7.075417518615723,0.17634205520153046,0.35219308733940125,0.5224236845970154,76,True,0.8685092127303182
CFH,4.699907302856445,0.0002277750609209761,0.03056776151061058,0.02204360067844391,73,False,
CDK1,8.442551612854004,0.06967727839946747,0.05861925706267357,0.3419841229915619,35,True,0.5008375209380235
TIFAB,6.074082374572754,0.0557582713663578,-0.07810312509536743,0.0027335025370121002,55,True,0.21608040201005024
HDAC3,4.718034267425537,0.09383056312799454,-0.04961992800235748,0.22202034294605255,84,True,0.46063651591289784
PIGT,4.850566387176514,0.04983043298125267,0.11006500571966171,0.35818299651145935,109,True,0.6549413735343383
PELI1,4.616144180297852,0.07774273306131363,0.027937589213252068,0.2170337289571762,109,False,
PSMB8,5.023799419403076,0.07840679585933685,0.025945212692022324,1.3220317363739014,84,True,0.561139028475712
POU2F2,5.215087890625,0.014219929464161396,0.011285454034805298,1.149617075920105,80,True,0.2370184254606365
MAP2K1,4.546308994293213,0.03392796218395233,0.0005386662669479847,0.27291977405548096,108,False,
ARPC4,4.368507385253906,0.09876404702663422,-0.04040912911295891,1.0235236883163452,97,False,
CRK,5.077600479125977,0.019482823088765144,0.037026166915893555,0.3348211646080017,85,True,0.34840871021775544
ZC3H13,5.617459297180176,0.05712009221315384,0.12074153870344162,0.6225244998931885,83,True,0.5921273031825796
LRRFIP2,4.028689384460449,0.007161675952374935,-0.04221721738576889,0.4337461590766907,108,False,
KIAA1683,5.072010517120361,0.05050431936979294,-0.011364419013261795,,68,True,0.3442211055276382
COMMD1,5.289615154266357,0.022046055644750595,0.054456405341625214,0.2546733021736145,84,True,0.3676716917922948
IRAK4,5.851724624633789,0.10966414958238602,0.04014100134372711,0.10034645348787308,88,True,0.6206030150753769
ATP6V1B2,5.408801555633545,0.0476493202149868,0.02282124198973179,0.4784306585788727,63,True,0.3944723618090452
MKX,4.736145496368408,0.12899942696094513,0.09378619492053986,0.003390008118003607,104,True,0.8936348408710217
HIF1A,3.9403111934661865,0.00594477541744709,-0.11199136078357697,0.9233925342559814,110,False,
BPTF,5.960771560668945,0.0781746506690979,0.18201932311058044,0.6974688768386841,70,True,0.6892797319932998
CEBPG,4.330594062805176,0.08171676844358444,-0.1087750568985939,0.1024644523859024,95,False,
DLG5,5.024777889251709,0.16795389354228973,0.13656571507453918,0.043529871851205826,83,True,0.9187604690117253
DMAP1,4.459689140319824,0.059572409838438034,-0.023710662499070168,0.22090357542037964,74,False,
DAD1,4.730019569396973,0.1002952978014946,-0.015542179346084595,1.4806914329528809,99,True,0.5653266331658291
MAP2K7,4.311806678771973,0.11540690064430237,0.07470583915710449,0.19579438865184784,132,False,
NFATC1,5.010933876037598,0.007953927852213383,-0.06565126776695251,0.2429666370153427,83,True,0.05695142378559464
IRF4,4.869729518890381,0.17648586630821228,0.1436118334531784,0.015857497230172157,93,True,0.9539363484087102
CASP1,4.443484783172607,0.12676583230495453,0.23001450300216675,0.2115022838115692,114,False,
ENPP6,5.451507568359375,0.025266317650675774,0.10518593341112137,,71,True,0.45644891122278053
CFB,4.4237189292907715,0.053411874920129776,0.06758634746074677,0.0058439020067453384,92,False,
DRAP1,4.773879528045654,0.04630240052938461,-0.0639583095908165,0.9199802875518799,76,True,0.2562814070351759
TTC33,4.20958948135376,0.03950073942542076,0.06931837648153305,0.16748282313346863,109,False,
NCF4,4.09824275970459,0.07512850314378738,0.020257940515875816,0.25542035698890686,120,False,
IRAK1,6.194742679595947,0.2196921855211258,0.2445356547832489,0.3463986814022064,95,True,0.8869346733668342
SKIV2L,4.019735336303711,0.053714483976364136,-0.04631473869085312,0.14812268316745758,94,False,
PICALM,4.705020427703857,0.10332775115966797,-0.015264877118170261,0.4405922293663025,103,False,
RFXANK,4.961935043334961,0.0003356172237545252,-0.04994271695613861,0.451634019613266,80,True,0.052763819095477386
TLR9,4.202384948730469,0.009256960824131966,-0.060965586453676224,,95,False,
FASLG,4.203324317932129,0.06530655920505524,-0.05548534542322159,0.004525805823504925,111,False,
CSNK1A1,4.474703788757324,0.014488596469163895,-0.01838797889649868,1.2708758115768433,88,False,
FOXM1,4.97428560256958,0.025963829830288887,0.009198297746479511,0.06648695468902588,74,True,0.3274706867671692
CTR9,7.488250255584717,0.06047913804650307,0.11964055895805359,0.3009631335735321,41,True,0.5603015075376885
CTBP1-AS2,5.725100994110107,0.0025389583315700293,-0.03306318074464798,,60,True,0.05443886097152428
MYD88,6.3586931228637695,0.2145226150751114,0.29762792587280273,0.27242955565452576,99,True,0.896147403685092
KLRK1,4.665215015411377,0.1623641550540924,0.11307048052549362,,100,False,
MAPK3,4.638209819793701,0.02056192234158516,0.04967388138175011,0.11262979358434677,98,False,
DGKA,3.8222997188568115,0.0036474557127803564,0.05175302177667618,0.03745581954717636,109,False,
TFDP1,6.934135437011719,0.030339868739247322,-0.12374328821897507,0.21359188854694366,51,True,0.09882747068676716
CBX7,4.355431079864502,0.12194641679525375,-0.046337880194187164,0.08813787251710892,98,False,
TMEM176A,4.513061046600342,0.035820625722408295,0.029264302924275398,0.025001341477036476,91,False,
STAT5B,4.750382900238037,0.00024896772811189294,-0.10708272457122803,0.12952734529972076,77,True,0.03433835845896147
SMARCC2,4.728204250335693,0.018089115619659424,0.08245198428630829,0.2712801694869995,77,True,0.5
TSPAN4,4.281304359436035,0.10202708840370178,-0.0547582171857357,0.08445659279823303,108,False,
RBX1,8.435929298400879,0.02093147486448288,0.02470562234520912,1.0869641304016113,24,True,0.21691792294807372
ELK1,3.874985694885254,0.049463871866464615,0.07214950025081635,0.02289438061416149,126,False,
CCL2,3.9245800971984863,0.07166821509599686,-0.10533473640680313,0.6595489382743835,95,False,
INPP5D,4.570300102233887,0.018488137051463127,0.17487269639968872,0.25884929299354553,121,False,
TRAPPC9,4.48335075378418,0.13506560027599335,0.14127981662750244,0.061449114233255386,110,False,
ZEB2-AS1,6.630910873413086,0.08430220186710358,0.018224351108074188,0.022221919149160385,59,True,0.45142378559463986
PIK3CD,5.150308132171631,0.09266375005245209,0.1237516850233078,0.07844464480876923,86,True,0.7680067001675042
TAB3,4.280425071716309,0.029389401897788048,0.00873009767383337,0.07075583189725876,110,False,
PAIP1,4.151792526245117,0.051401570439338684,-0.037150464951992035,0.46820738911628723,114,False,
KIDINS220,7.76364278793335,0.09973123669624329,0.5130839347839355,0.3526396155357361,94,True,0.7881072026800671
MAPK8,5.9845757484436035,0.1354612112045288,0.07022019475698471,0.08464024215936661,67,True,0.7152428810720268
VHL,4.920511722564697,0.050302211195230484,-0.04428107291460037,0.3838357925415039,78,True,0.2797319932998325
MEF2A,4.678383827209473,0.06380736827850342,0.027671029791235924,1.0779131650924683,82,False,
ERCC6,4.584917068481445,0.025807954370975494,-0.03627654165029526,0.10217452049255371,98,False,
ATF6B,4.024259567260742,0.035837434232234955,0.06013116613030434,0.39291253685951233,110,False,
INTS10,5.2664923667907715,0.034847188740968704,0.01481567695736885,0.2538408637046814,67,True,0.3500837520938024
TRAF3,4.39730978012085,0.08749648183584213,-0.0884350910782814,0.3546918034553528,100,False,
WAS,4.505832672119141,0.012693707831203938,-0.034145429730415344,0.3235257565975189,93,False,
HIST1H3A,4.395263671875,0.07869195193052292,0.04835416376590729,0.003271074267104268,95,False,
RIPK1,4.874780178070068,0.05318550392985344,-0.4665001630783081,0.19467830657958984,82,True,0.25041876046901174
CRIPAK,6.096230506896973,0.02139357477426529,0.00033436575904488564,,56,True,0.17587939698492464
MAPK7,5.0113019943237305,0.022408118471503258,-0.013044256716966629,0.057936571538448334,67,True,0.22194304857621439
AP3B1,4.525180816650391,0.00872800312936306,0.033574678003787994,0.481064110994339,88,False,
IQCH-AS1,5.117927551269531,0.003916949965059757,-0.10225740075111389,0.03548846393823624,69,True,0.025963149078726967
COMMD8,3.4789340496063232,0.0297488234937191,0.05719764530658722,0.1722758412361145,152,False,
TRAF2,5.709465503692627,0.04868236556649208,0.03323826193809509,0.11125725507736206,51,True,0.40703517587939697
MYCBP2,4.501778602600098,0.13756069540977478,0.07425287365913391,0.7489438056945801,149,False,
IL15RA,4.72161865234375,0.1421627700328827,0.13684110343456268,0.24786719679832458,109,True,0.9631490787269682
WDR34,4.2563629150390625,0.04747188463807106,-0.07157277315855026,0.19277119636535645,95,False,
PIK3CA,4.17791748046875,0.09030315279960632,0.07872799783945084,0.13673055171966553,122,False,
PIP4K2A,4.536972999572754,0.12382347136735916,0.09156602621078491,0.2573692798614502,115,False,
POLR2E,5.602878093719482,0.03114919178187847,-0.0713202953338623,0.5439615845680237,66,True,0.14154103852596314
TLR1,4.684877872467041,0.13539694249629974,0.0184539332985878,0.052647318691015244,93,False,
IRF8,4.39537239074707,0.09733279794454575,0.01038734707981348,0.358784556388855,118,False,
BRD2,4.255937099456787,0.005313268397003412,-0.09147834032773972,1.1511478424072266,94,False,
STAT3,4.911916732788086,0.12038096785545349,0.06445817649364471,0.8561400175094604,103,True,0.778894472361809
PGM3,5.757164478302002,0.07951925694942474,-0.08397688716650009,0.0621117502450943,63,True,0.30234505862646566
GPR18,4.565124034881592,0.004708095919340849,0.005279293283820152,0.0036486622411757708,78,False,
IRF2,5.372880935668945,0.006788779981434345,0.03584876284003258,0.5722130537033081,71,True,0.2613065326633166
PTPN2,4.735419750213623,0.023397428914904594,-0.08790209144353867,0.5002999901771545,89,True,0.16247906197654943
SLC37A4,3.8686819076538086,0.0029488594736903906,-0.12426552921533585,0.09327621012926102,104,False,
ATP6AP1,5.997072696685791,0.0817418172955513,0.05716123431921005,0.8376820087432861,48,True,0.5611390284757118
PDGFB,4.916614055633545,0.18581043183803558,0.10758938640356064,0.040330782532691956,83,True,0.8986599664991626
PTPRR,3.926572322845459,0.037166718393564224,-0.09881763905286789,0.0018755279015749693,104,False,
GOT1,4.851626396179199,0.08367978036403656,0.08244375139474869,0.06502024084329605,75,True,0.7294807370184255
FAM50A,6.244828701019287,0.03573176637291908,0.03777023032307625,0.5075845122337341,51,True,0.3659966499162479
CFTR,4.162008285522461,0.06306232511997223,-0.019473671913146973,,112,False,
HIF1A-AS2,5.056891441345215,0.0007083732052706182,-0.011641224846243858,0.02029610052704811,62,True,0.1306532663316583
JAK2,4.244986057281494,0.01370707992464304,-0.12930062413215637,0.26243704557418823,110,False,
PDPK1,5.00685453414917,0.10550854355096817,0.13813279569149017,0.21631483733654022,98,True,0.847571189279732
DDOST,5.753645896911621,0.14414699375629425,0.2576078772544861,0.497957319021225,93,True,0.8894472361809045
CLCN4,3.670942783355713,0.08944441378116608,-0.15574392676353455,0.020972544327378273,122,False,
SEC61A1,6.787399768829346,0.19222183525562286,0.2678799629211426,0.61628258228302,76,True,0.8693467336683417
TLR5,4.618923187255859,0.04664860665798187,-0.07188144326210022,0.011716759763658047,85,False,
SIRT1,4.7244744300842285,0.13015690445899963,0.103264220058918,0.09474393725395203,111,True,0.9195979899497487
EGR2,7.483330726623535,0.08067692816257477,-0.002214067615568638,0.2509332597255707,51,True,0.38107202680067
ZMAT5,4.855679035186768,0.11245106905698776,-0.007707118056714535,0.08477897942066193,77,True,0.5829145728643216
SPIRE1,4.705691814422607,0.08496776223182678,-0.008299036882817745,0.11788647621870041,76,False,
EHMT2,4.292187213897705,0.06302115321159363,0.018851546570658684,0.16909782588481903,101,False,
SBDS,5.016051769256592,0.0023703414481133223,0.16034221649169922,0.4141451120376587,90,True,0.46817420435510887
EIF2AK2,4.409668445587158,0.009756539016962051,-0.07142576575279236,1.27587890625,90,False,
CD151,4.001699924468994,0.030717909336090088,0.001905166544020176,0.5905866026878357,126,False,
EGR1,4.8450822830200195,0.12037690728902817,0.16043564677238464,0.2052919864654541,113,True,0.9204355108877722
JUN,4.711147308349609,0.20234252512454987,0.2059251219034195,0.5290431380271912,134,False,
TMEM56-RWDD3,4.6580424308776855,0.14772135019302368,0.01961527392268181,0.0032246664632111788,105,False,
RBCK1,7.150786399841309,0.18979410827159882,0.20759689807891846,0.6450271010398865,56,True,0.8425460636515913
AAGAB,4.352577209472656,0.01323636807501316,-0.15173639357089996,0.11293458193540573,100,False,
C5,4.264072418212891,0.0044491831213235855,-0.24580079317092896,0.019721873104572296,100,False,
ATP2B4,4.278596878051758,0.021035391837358475,0.05695495754480362,0.1292456090450287,110,False,
BUD13,6.354663848876953,0.026330163702368736,0.03583546355366707,0.05320022255182266,49,True,0.29396984924623115
CYBB,5.489602088928223,0.015102171339094639,-0.10860951244831085,0.1056152954697609,69,True,0.048576214405360134
NFKBIZ,5.7757344245910645,0.05765809118747711,0.23020903766155243,0.7666324973106384,72,True,0.6641541038525963
DHX15,4.712670803070068,0.10897641628980637,0.1724572777748108,0.4625003933906555,111,False,
PPAN-P2RY11,4.701608657836914,0.06419141590595245,-0.012309093028306961,,85,False,
TLR8-AS1,5.114598751068115,0.001574463676661253,0.010154192335903645,,86,True,0.20100502512562812
MAP3K14-AS1,5.134382247924805,0.11895999312400818,0.06781269609928131,0.015410295687615871,79,True,0.7412060301507538
LYZ,4.835271835327148,0.092006154358387,0.15511554479599,0.05500942841172218,109,True,0.8517587939698492
NCAPD2,5.214838981628418,0.007076010573655367,0.003495141165331006,0.09470951557159424,60,True,0.1842546063651591
OAS2,5.053630352020264,0.09921995550394058,-0.0039010941982269287,0.6869818568229675,64,True,0.5293132328308208
B4GALT1,5.2047553062438965,0.125392347574234,0.08299963921308517,0.40791094303131104,90,True,0.7805695142378559
TBCE,4.881785869598389,0.10317817330360413,0.07667431235313416,0.0720372200012207,94,True,0.7730318257956449
HCG27,4.668519496917725,0.031559791415929794,-0.03698742017149925,0.014562539756298065,79,False,
ACP5,4.014680862426758,0.08899269998073578,0.07826783508062363,0.029254723340272903,113,False,
HLA-C,5.403127670288086,0.06446458399295807,0.008765171281993389,1.8463340997695923,81,True,0.4396984924623115
HLA-DMA,4.576157569885254,0.046580567955970764,-0.09867898374795914,0.015535147860646248,79,False,
LRP1B,3.998826026916504,0.011114905588328838,-0.10307874530553818,0.00025863447808660567,141,False,
TGFB1,4.556388854980469,0.02309439331293106,-0.005446179769933224,1.676754117012024,107,False,
HLA-DRA,5.770527362823486,0.14087888598442078,0.08382800966501236,0.008875478059053421,77,True,0.7596314907872697
TLR6,4.9091620445251465,0.06537644565105438,-0.060360778123140335,0.06316640973091125,68,True,0.3291457286432161
NUMA1,5.08527946472168,0.07457789778709412,0.034453894942998886,0.24301739037036896,69,True,0.5636515912897822
TADA3,5.126807689666748,0.02581726759672165,0.016807395964860916,0.3211158514022827,66,True,0.3165829145728643
SDE2,5.35861349105835,0.09959926456212997,0.10648687183856964,0.17219972610473633,103,True,0.7420435510887773
MAP3K7,4.81877326965332,0.15629833936691284,0.12851691246032715,0.17036956548690796,92,True,0.9388609715242882
SMAD7,4.43881893157959,0.040731046348810196,0.08257544785737991,0.38163694739341736,107,False,
CCDC174,6.629979610443115,0.09986044466495514,0.20233696699142456,0.17167222499847412,60,True,0.7462311557788945
RASSF1,4.742326259613037,0.11608205735683441,0.06961874663829803,0.0547897107899189,85,True,0.8182579564489112
MRPL51,5.255573272705078,0.03202442824840546,0.1433624029159546,0.5334364771842957,80,True,0.559463986599665
OTUD7B,4.75649356842041,0.04333506152033806,0.04178650304675102,0.1934334933757782,99,True,0.5192629815745393
ITGB2,4.199591636657715,0.015766344964504242,-0.07141382247209549,2.4027624130249023,92,False,
RPSA,7.284265041351318,0.0868387371301651,0.11533220112323761,1.6894210577011108,43,True,0.6390284757118928
C3,4.100534439086914,0.03588477149605751,-0.07377687841653824,0.1525546908378601,130,False,
SPP1,3.94509220123291,0.07405808568000793,-0.04232340678572655,2.941676139831543,97,False,
GTF2IRD1,4.860489845275879,0.07393040508031845,0.059724267572164536,0.047293975949287415,87,True,0.6557788944723618
RFX5,4.6655683517456055,0.01963198557496071,0.06948485970497131,0.17602768540382385,94,False,
RIC8B,4.7431864738464355,0.08834514021873474,-0.034142907708883286,0.028313854709267616,100,True,0.48492462311557794
MAPKAPK2,4.7736945152282715,0.006747779902070761,0.0629141703248024,0.3016401529312134,96,True,0.3860971524288107
ATAD2B,4.440465450286865,0.03922652453184128,-0.06648078560829163,0.1140856221318245,84,False,
PRKAA1,4.057713985443115,0.014763978309929371,0.06157873943448067,0.27883198857307434,115,False,
RHOA,4.836670398712158,0.024353856220841408,-0.039091382175683975,1.5190106630325317,64,True,0.2018425460636516
YY1,4.571523666381836,0.0532466322183609,0.024107297882437706,0.7394536733627319,82,False,
RCL1,5.338276386260986,0.013046732172369957,-0.027269043028354645,0.10196531563997269,70,True,0.11557788944723618
SLC4A1,4.628877639770508,0.04669010639190674,-0.12725602090358734,0.0017947680316865444,84,False,
CD40,4.074429512023926,0.01094087678939104,-0.06628063321113586,0.6288471221923828,104,False,
MUC21,5.237237453460693,0.04769982770085335,-0.018913060426712036,,73,True,0.29564489112227804
HLA-G,3.740081787109375,0.039014022797346115,-0.06382691860198975,0.08654233813285828,114,False,
MAP3K14,5.553344249725342,0.0008126323809847236,0.004755040165036917,0.03434300050139427,55,True,0.15242881072026798
GPSM3,4.7202229499816895,0.0737113207578659,0.11599894613027573,1.0460472106933594,97,True,0.7881072026800671
CIITA,3.9808716773986816,0.035253897309303284,0.0030634342692792416,0.014276019297540188,103,False,
PPP1R10,6.299404144287109,0.03129119798541069,-0.04524608328938484,0.48981404304504395,40,True,0.1390284757118928
EGFR,5.373815059661865,0.04136933386325836,-0.002992711029946804,0.013992632739245892,67,True,0.30904522613065327
NFKBIB,5.6062188148498535,0.1000719889998436,-0.040814392268657684,0.16796407103538513,64,True,0.4053601340033501
LY96,6.172826766967773,0.05633940547704697,0.019377317279577255,0.0381624698638916,57,True,0.37353433835845895
NCOA5,5.439658164978027,0.0312183927744627,-0.030118826776742935,0.11318626254796982,51,True,0.19597989949748745
UQCR10,4.775245189666748,0.09176496416330338,0.03390459343791008,1.46735680103302,79,True,0.6624790619765494
LEF1,4.772848129272461,0.05137177184224129,0.0022848164662718773,0.019254814833402634,79,True,0.44221105527638194
HLA-DQB1,5.318629741668701,0.008993729948997498,-0.12272797524929047,0.01603851653635502,57,True,0.03098827470686767
RC3H1,4.764569282531738,0.029461584985256195,0.02456394024193287,0.39258840680122375,86,True,0.4137353433835846
ACVR1B,5.4235005378723145,0.09568106383085251,-0.13538558781147003,0.04811657592654228,73,True,0.36348408710217756
NAMPT,9.029253959655762,0.033375609666109085,0.11839757859706879,0.7958629727363586,30,True,0.45226130653266333
HSPA1B,4.5544047355651855,0.06976408511400223,0.036785390228033066,0.2291961908340454,80,False,
TMCO4,5.00606107711792,0.047399215400218964,-0.030198756605386734,0.036810118705034256,67,True,0.29229480737018426
JRK,5.516567230224609,0.11709050834178925,0.13456425070762634,0.08701875060796738,75,True,0.7822445561139029
TIRAP,5.531594276428223,0.16279099881649017,0.1451963186264038,0.018338948488235474,83,True,0.8534338358458962
CYBA,5.293362140655518,0.08170466870069504,-0.022486522793769836,2.754375696182251,68,True,0.4128978224455611
TMEM80,5.78040885925293,0.023059111088514328,0.02168980985879898,0.19408336281776428,56,True,0.25963149078726966
SEPHS2,4.2906880378723145,0.032919351011514664,-0.00826489832252264,0.435477614402771,90,False,
G6PD,3.910334348678589,0.049992144107818604,-0.010140834376215935,0.35521891713142395,131,False,
MYC,6.878462791442871,0.12966474890708923,0.08687916398048401,0.13596980273723602,49,True,0.7160804020100503
VCAN,4.810896396636963,0.08712916821241379,-0.0107578681781888,0.14383074641227722,80,True,0.5142378559463987
PAF1,7.490563869476318,0.058820392936468124,0.04281498119235039,0.14885112643241882,34,True,0.4396984924623115
WDR61,5.4147725105285645,0.012432608753442764,0.057527679949998856,0.2695775628089905,66,True,0.3207705192629816
DDX18,9.498309135437012,0.09540756791830063,-0.026557281613349915,0.4020465910434723,24,True,0.37688442211055273
NOD1,6.043310642242432,0.09463293105363846,0.009583828039467335,0.019237734377384186,64,True,0.49329983249581244
RNF40,5.403140544891357,0.05284223333001137,0.03951101750135422,0.1878267079591751,68,True,0.47068676716917923
GOSR2,4.919634819030762,0.06155431270599365,0.04599538818001747,0.21100500226020813,79,True,0.5845896147403685
UBE2N,5.056506633758545,0.05410952493548393,0.0053133051842451096,0.44577908515930176,75,True,0.41959798994974873
