gene,magnitude,S,R,n_de,base_expr,n_cells,n_wells,detectable,S_resid,R_resid,C
A2M,11.361263275146484,0.0044031403958797455,-0.17143805786723787,0,0.00395164592191577,443,3,True,-55.16693490955704,-55.30059820538387,0.03781512605042017
ACSL3,9.89641284942627,0.11930951476097107,0.16210212138998611,1,3.743232011795044,198,3,True,13.009656744053544,-16.17846460618148,0.49159663865546216
ACTA2,10.201689720153809,0.02953530289232731,-0.1294336307195584,0,0.07424280047416687,486,3,True,-35.99356217063097,-43.785643070787664,0.14285714285714285
AEBP1,9.901880264282227,0.08257360011339188,-0.12096407467406156,0,0.7666183114051819,434,3,True,-13.157278165503499,-38.47906281156533,0.25630252100840334
AGA,9.241788864135742,0.01900296099483967,-0.1499074271003454,0,1.3050650358200073,372,3,False,,,
AHCY,31.3736515045166,0.10978155583143234,0.30465504891917666,45,2.8415780067443848,34,2,True,-9.348354935194408,-23.833499501495538,0.3739495798319328
AHNAK,9.381912231445312,0.028282588347792625,-0.15493019384308693,0,4.238210201263428,352,3,False,,,
APOC2,9.407272338867188,0.019430408254265785,-0.163264489563656,0,0.7160598635673523,379,3,False,,,
APOD,10.002706527709961,0.08073527365922928,-0.2575315916280457,0,0.004022141918540001,371,3,True,-15.991952713288718,-49.982053838484575,0.20168067226890757
APOE,9.410789489746094,0.06963086873292923,-0.15226299401664264,0,0.2492358386516571,375,3,False,,,
ARMC6,8.042365074157715,0.02065488137304783,0.25786396913282444,0,1.0130858421325684,302,3,False,,,
ATP1A1,38.949954986572266,0.03008035197854042,,178,3.4790866374969482,27,1,True,-48.849159663865535,-17.735294117647072,0.2184873949579832
ATP1B1,10.271072387695312,0.09197881817817688,-0.05085548892365425,1,3.965545654296875,374,3,True,-8.4943668993021,-34.687437686939205,0.3025210084033614
ATP5MD,10.230559349060059,0.11397416144609451,0.34998698283838925,1,4.34702730178833,203,3,True,6.839502919811984,8.913758723828494,0.5756302521008403
B2M,11.15268611907959,0.09531982243061066,-0.13092880020520525,0,7.938262462615967,459,3,True,-8.499195271328873,-51.09820538384848,0.23949579831932774
BOLA2,11.185456275939941,0.12745025753974915,-0.060703269186461885,0,0.005993042606860399,227,3,True,11.166934909557042,-43.69940179461617,0.3529411764705882
BOLA2B,10.079734802246094,0.08420760184526443,0.08046446285597723,0,0.2601456642150879,226,3,True,-12.492757441959846,-23.883848454636116,0.3487394957983193
BZW2,11.10177230834961,0.11107111722230911,-0.20096158044340148,0,3.261582851409912,324,3,True,2.8346745477852124,-55.49700897308078,0.273109243697479
C19orf48,9.966384887695312,0.021372808143496513,-0.18953645687823148,0,1.9208526611328125,375,3,True,-40.658082894174626,-46.380857427716876,0.1092436974789916
C1QBP,11.26764965057373,0.09159986674785614,0.13802705697848874,1,6.366120338439941,224,3,True,-13.0,-30.00000000000002,0.2857142857142857
C6orf226,9.680132865905762,0.04190808907151222,-0.09254688852736136,0,0.566956639289856,338,3,True,-28.15405925081899,-31.87188434695915,0.23109243697478993
CCND1,16.006412506103516,0.13090796768665314,0.2885160371420912,1,6.63862943649292,214,3,True,7.489538527275329,-24.723330009970113,0.42436974789915966
CCND2,10.846088409423828,0.05587286874651909,-0.12423254261068754,0,0.0025067634414881468,338,3,True,-30.66452072354366,-47.59521435692923,0.1638655462184874
CCR10,9.68563461303711,0.028112340718507767,-0.1145646724753489,0,0.016203537583351135,329,3,True,-35.32099416037603,-33.172482552343,0.18487394957983194
CCT3,14.765294075012207,0.00218395097181201,0.23969940221167607,0,6.336259841918945,63,3,True,-62.508852015382416,-29.919740777667016,0.1092436974789916
CD151,8.883648872375488,0.06281274557113647,0.06115718096043029,1,3.1873831748962402,332,3,False,,,
CD274,7.78207540512085,0.08302485197782516,0.04184260726386286,0,0.7645832896232605,407,3,False,,,
CD44,7.559483051300049,0.30194976925849915,0.21283468470502523,0,5.84945011138916,397,3,False,,,
CD47,7.931542873382568,0.14855635166168213,0.16806079295397067,1,3.718050241470337,344,3,False,,,
CD58,7.6464715003967285,0.14733509719371796,0.12704859609285157,0,1.655029296875,388,3,False,,,
CD59,8.242450714111328,0.03357149288058281,0.07570992592538352,0,4.296132564544678,412,3,False,,,
CD63,8.51056957244873,0.0009494536789134145,0.157993200518045,1,7.282533168792725,288,3,False,,,
CDC123,12.517200469970703,0.021287748590111732,0.1892983110060145,0,3.14725661277771,106,3,True,-49.67095855291269,-28.80957128614159,0.14705882352941177
CDH19,9.78498649597168,0.0044169556349515915,-0.058329785822718506,0,0.00045107948244549334,391,3,True,-47.155668708161244,-29.67547357926224,0.1512605042016807
CDK4,8.923860549926758,0.23567578196525574,0.11496760930845791,1,3.1632118225097656,276,3,False,,,
CDK6,17.4981632232666,0.17223945260047913,0.1426724965018724,1,2.7073137760162354,138,3,True,20.82179888904716,-41.925722831505496,0.4117647058823529
CDKN1A,11.38083267211914,0.10421064496040344,0.18299983109089982,0,0.8729877471923828,349,3,True,-3.333869819114085,-25.60119641076772,0.35714285714285715
CDKN2A,9.744111061096191,0.007748810108751059,-0.01867919049308694,0,3.5796706676483154,296,3,True,-43.9887337986042,-25.37487537387839,0.18487394957983194
CDKN2B,10.302348136901855,0.2537555694580078,0.31500347822294267,0,0.9011518359184265,327,3,True,48.171763281583814,-0.28863409770690396,0.7184873949579832
CGAS,8.387308120727539,0.23264867067337036,0.4350670641573291,0,1.41289484500885,255,3,False,,,
CHCHD2,10.81395435333252,0.02152063697576523,-0.11863964652769456,0,7.336986541748047,338,3,True,-43.330650904429575,-44.994017946161534,0.10504201680672269
CITED1,9.175880432128906,0.15329644083976746,-0.07142214363908332,0,0.01591358333826065,369,3,False,,,
CKS1B,11.446050643920898,0.004654349759221077,-0.1479971506698087,0,4.3756937980651855,321,3,True,-53.83467454778521,-54.50299102691926,0.05042016806722689
CMSS1,8.53122329711914,0.05714387446641922,0.2414375999793532,1,2.9618589878082275,331,3,False,,,
CORO1A,10.02617073059082,0.10914826393127441,-0.20835963944120914,0,0.14255371689796448,299,3,True,3.6741774675971968,-49.583250249252266,0.29831932773109243
CSPG4,9.187170028686523,0.024438627064228058,-0.15906659949042712,0,0.008902305737137794,398,3,False,,,
CST3,9.564713478088379,0.1247100681066513,-0.0011639474496491786,1,5.80518913269043,230,3,True,18.68061529696623,-21.36889332003991,0.5
CTPS1,12.238324165344238,0.09201277047395706,0.5346368461589506,0,2.3360848426818848,140,3,True,-13.337088733798602,50.79162512462611,0.6512605042016807
CTSA,8.112677574157715,0.04205019026994705,0.3364440277560945,1,4.112973690032959,315,3,False,,,
CTSB,8.770360946655273,0.10449223965406418,0.12010742098388495,1,4.628586769104004,362,3,False,,,
CTSD,8.937463760375977,0.11885792016983032,0.29818104050521277,1,4.470747947692871,405,3,False,,,
CTSL,9.103705406188965,0.07371982932090759,0.09649739104996975,1,5.988598823547363,307,3,False,,,
CTSO,8.032450675964355,0.1274832934141159,0.06422699301744088,0,0.32054823637008667,350,3,False,,,
CXCR4,10.18675708770752,0.1727202832698822,-0.0676946163961461,0,0.004500482697039843,280,3,True,35.17337273892607,-37.485044865403815,0.4831932773109244
CYP27A1,8.198018074035645,0.11571695655584335,0.24023589488456634,0,0.10351495444774628,315,3,False,,,
DAG1,7.919214248657227,0.040893446654081345,0.16766637671981413,0,0.9129276275634766,283,3,False,,,
DDR1,9.572555541992188,0.06609727442264557,-0.038755226290538354,0,0.733587384223938,297,3,True,-16.48631961259082,-24.66949152542376,0.31512605042016806
DDX17,11.160561561584473,0.08194013684988022,0.07889585150174169,0,3.538292646408081,254,3,True,-19.666130180885915,-32.39880358923233,0.24369747899159666
DDX39A,9.422802925109863,0.08317837864160538,0.3456944764298824,0,3.5962507724761963,207,3,False,,,
DLL3,9.01966667175293,0.06923661381006241,0.19228662145179043,0,0.7001834511756897,301,3,False,,,
DNMT1,11.593328475952148,0.1517258733510971,0.35933076867823033,0,4.184176445007324,114,3,True,18.664520723543653,1.5952143569291906,0.6134453781512605
E2F1,12.70299243927002,0.16328643262386322,-0.15190671574479314,0,1.3685998916625977,200,3,True,20.995171627973228,-59.41076769690929,0.35714285714285715
EEA1,8.943164825439453,0.16595806181430817,0.22111720758878964,0,1.7033967971801758,253,3,False,,,
EEF1G,14.634819984436035,0.1707996428012848,0.40185858426671,0,0.09282281249761581,62,3,True,21.658082894174626,9.380857427716833,0.6596638655462185
EIF3K,12.952829360961914,0.14666010439395905,0.42740291974161354,3,5.669849395751953,259,3,True,14.661301808859136,23.988035892323012,0.6890756302521008
EIF4A1,18.752416610717773,0.1545192301273346,0.3801948401786992,0,5.544655799865723,44,3,True,14.154059250818989,-6.128115653040894,0.5588235294117647
EMP1,8.020859718322754,0.13759136199951172,0.446294027360006,0,0.460612416267395,314,3,False,,,
ENPP1,7.794008731842041,0.04020074009895325,0.3205514440603959,0,0.13554008305072784,282,3,False,,,
EVA1A,7.797768592834473,0.23500627279281616,0.32180472608046096,0,1.5834629535675049,270,3,False,,,
FARSA,36.37423324584961,0.09812828153371811,,124,1.3238284587860107,30,1,True,-17.51528984475145,-17.134097706879373,0.35294117647058826
FBL,12.027812957763672,0.056488778442144394,0.237925515118709,0,3.502800703048706,109,3,True,-33.00321891468452,-24.607178464606207,0.2605042016806723
FBXO32,9.457643508911133,0.03707224875688553,0.029759249775539804,0,0.9620696902275085,345,3,True,-28.317775245691514,-18.56530408773682,0.3067226890756303
FGFR1,7.001107692718506,0.014242928475141525,0.4009313540800848,0,1.9804059267044067,394,3,False,,,
FKBP4,9.379607200622559,0.11327563971281052,0.21372961591666348,1,4.4568915367126465,230,3,False,,,
FMN1,8.6387300491333,0.0016004781937226653,0.008082487905337226,0,0.49824753403663635,338,3,False,,,
FOS,8.6183500289917,0.006271069869399071,0.25929693534869963,0,0.1745954006910324,240,3,False,,,
FOXM1,13.278176307678223,0.19396370649337769,0.2748063856544379,0,1.9863182306289673,87,3,True,32.65969235151688,-24.815553339980085,0.5294117647058824
FRZB,8.81596851348877,0.06035669893026352,0.1499755343264584,0,0.038515184074640274,224,3,False,,,
FSTL3,6.899288654327393,0.13428065180778503,0.3521531892099829,0,1.1099822521209717,346,3,False,,,
FTH1,21.48016929626465,0.14073336124420166,0.458881006174459,1,9.528738975524902,51,2,True,7.486319612590819,26.66949152542371,0.6554621848739496
GAA,8.14971923828125,0.0030262053478509188,0.2501287462531871,0,0.26763418316841125,299,3,False,,,
GAS5,8.747709274291992,0.06292523443698883,0.1917786746434579,0,0.7160598635673523,288,3,False,,,
GPATCH4,10.296358108520508,0.11575314402580261,0.22785695474648626,0,3.9141409397125244,211,3,True,8.338698191140857,-15.988035892323055,0.48319327731092443
GPI,17.872638702392578,0.12395204603672028,0.4265302658102927,4,3.3845157623291016,49,3,True,1.6548639794901163,15.773678963110655,0.5714285714285714
GPNMB,9.885640144348145,0.005194529425352812,0.19843381823693748,0,0.12417545169591904,267,3,True,-45.823408346389414,-11.877866400797636,0.25630252100840334
GRN,8.425168991088867,0.03922007232904434,0.4112578535614791,1,2.9897096157073975,266,3,False,,,
GSEC,10.566262245178223,0.09521285444498062,0.29838167930810205,0,0.29891493916511536,142,3,True,-7.662911266201405,-6.791625124626144,0.46218487394957986
GSN,7.650533676147461,0.0460251048207283,0.34643129953356827,0,1.0819668769836426,317,3,False,,,
HASPIN,9.126675605773926,0.03741983696818352,0.3906037399596074,0,0.12419965863227844,165,3,False,,,
HLA-A,7.663946151733398,0.004178226459771395,0.2510877963402734,0,6.639670372009277,326,3,False,,,
HLA-B,10.623641967773438,0.0656810775399208,0.1283334528017371,1,5.633626461029053,186,3,True,-23.99678108531549,-27.392821535393843,0.2605042016806723
HLA-C,8.654647827148438,0.09152385592460632,0.3537491520366796,1,6.579638957977295,212,3,False,,,
HLA-DRB5,8.861662864685059,0.007892860099673271,0.1082549224188416,0,0.014019215479493141,343,3,False,,,
HLA-E,9.464442253112793,0.09911556541919708,0.28624442106999487,1,4.739582061767578,251,3,True,2.515289844751443,1.1340977068793308,0.5336134453781513
HLA-F,7.744361400604248,0.17926882207393646,0.2799924970931591,0,1.2643613815307617,294,3,False,,,
HLA-H,8.874093055725098,0.19098909199237823,0.14582859820648034,0,0.7160598635673523,283,3,False,,,
HNRNPA1,9.921031951904297,0.08922559767961502,0.4773701167003898,1,5.750916481018066,219,3,True,-9.491147984617584,55.91974077766697,0.6932773109243697
HNRNPC,12.96017837524414,0.14169619977474213,0.3553766713448641,0,5.186334609985352,72,3,True,13.327431989745051,-3.613160518444687,0.5672268907563025
HSPA1A,9.019152641296387,0.12293679267168045,0.40722995452853983,1,3.4632253646850586,239,3,False,,,
IDH2,9.662376403808594,0.05700011923909187,-0.025790709314250208,0,0.9656680226325989,321,3,True,-21.987124341261946,-24.5712861415753,0.3025210084033613
IDI2-AS1,8.379948616027832,0.05141904205083847,0.35066629977032754,0,0.007216458674520254,273,3,False,,,
IFNGR1,15.004776954650879,0.9183840155601501,0.47302696293119073,28,2.1388368606567383,302,3,True,50.32421307506054,33.779661016949134,0.8739495798319328
IFNGR2,14.554086685180664,0.9324222803115845,0.477596037789974,26,2.86361026763916,401,3,True,53.82501780373167,37.68145563310068,0.9033613445378151
ILF2,15.872384071350098,0.1946130394935608,0.37581515643390917,0,5.463649272918701,56,3,True,31.65647343683237,-5.422731804586263,0.6302521008403361
IRF3,9.80311393737793,0.02283831313252449,0.24235699197859598,0,2.868830680847168,266,3,True,-37.48953852727533,-7.276669990029937,0.31512605042016806
IRF4,8.781904220581055,0.013939311727881432,0.12460462398972823,0,0.0009010558715090156,229,3,False,,,
ISYNA1,9.22333812713623,0.012381225824356079,0.33388281759939525,0,0.8201428651809692,191,3,False,,,
ITGA3,8.252640724182129,0.01940101385116577,0.4310468709877986,1,4.61899995803833,256,3,False,,,
JAK1,15.409534454345703,0.9048663377761841,0.55531773218671,31,2.6360278129577637,342,3,True,48.990343255946456,45.178464606181436,0.9159663865546219
JAK2,14.412513732910156,0.9230846166610718,0.43516521246033063,28,0.3436318635940552,373,3,True,51.99195271328871,26.982053838484532,0.8571428571428572
JMJD7,7.19666051864624,0.15635529160499573,0.4223769221243749,0,0.000580409774556756,306,3,False,,,
JPT1,9.498420715332031,0.11459432542324066,0.39069697893331096,1,5.556450366973877,177,3,True,13.181420025637358,29.53290129611164,0.7016806722689075
KCNN4,7.883513450622559,0.27631866931915283,0.4514030689199346,0,0.8142126798629761,271,3,False,,,
KDR,8.295180320739746,0.07767773419618607,0.3522444647001437,0,0.06752355396747589,277,3,False,,,
KLF4,8.941033363342285,0.1334892213344574,0.3773005774450476,0,0.3637516498565674,243,3,False,,,
LAMP2,7.873937606811523,0.17899024486541748,0.3998291582634638,1,2.3255133628845215,279,3,False,,,
LCP1,7.811679840087891,0.12023085355758667,0.48958246834189634,0,0.10339169949293137,293,3,False,,,
LEF1-AS1,7.713508129119873,0.18826161324977875,0.42045599983200727,0,0.7160598635673523,286,3,False,,,
LGALS3,8.154508590698242,0.3710787296295166,0.450202959750521,1,6.103574752807617,215,3,False,,,
LGALS3BP,8.444055557250977,0.14830869436264038,0.34399744323430026,0,5.3149614334106445,215,3,False,,,
LINC00518,7.700250148773193,0.015359199605882168,0.36240076348972944,0,0.0004501506336964667,276,3,False,,,
LRPAP1,8.123479843139648,0.14717140793800354,0.47235449671956703,1,4.379056453704834,265,3,False,,,
LRRC75A-AS1,9.911280632019043,0.10309737920761108,0.3838555970405979,0,0.7160598635673523,170,3,True,1.6757869249394588,20.220338983050823,0.5966386554621849
LY96,7.86627197265625,0.20184649527072906,0.44856819240250845,0,0.11512774229049683,263,3,False,,,
MC1R,8.778883934020996,0.16760890185832977,0.3989869070991748,0,0.11320237815380096,242,3,False,,,
MDH2,9.599652290344238,0.05322664976119995,0.5327410550032573,2,4.831197738647461,195,3,True,-26.65325452214786,68.0299102691924,0.6428571428571428
MFGE8,8.14459228515625,0.17696072161197662,0.16685331951647475,0,1.009393572807312,328,3,False,,,
MIA,8.581835746765137,0.031593695282936096,0.43408193116986515,0,0.06417351216077805,250,3,False,,,
MRPL47,11.147263526916504,0.13072675466537476,0.4662267152999169,3,4.424527168273926,130,3,True,13.66773963822817,44.20239282153537,0.7605042016806722
MT2A,11.00684928894043,0.004310648888349533,0.14492478735951433,0,7.111672401428223,179,3,True,-54.998390542657745,-26.196410767696932,0.14705882352941177
MYC,18.33380699157715,0.25987619161605835,0.5186104763713689,1,2.0505740642547607,61,3,True,38.32099416037602,36.172482552342956,0.8235294117647058
NACA,22.55556869506836,0.20696072280406952,0.43230387361231337,3,7.492253303527832,37,2,True,32.31938470303376,16.36889332003986,0.7142857142857143
NCL,15.345427513122559,0.17262208461761475,0.36850698944049204,0,6.839737892150879,55,3,True,23.1572781655035,-5.520937188434715,0.6092436974789915
NDUFA13,11.40292739868164,0.153452530503273,0.41776548870924546,0,3.7024006843566895,119,3,True,20.499195271328873,25.098205383848438,0.7142857142857143
NEAT1,9.851192474365234,0.18933704495429993,0.29890220935053424,0,5.118165969848633,205,3,True,40.34352656316763,1.4227318045862134,0.6974789915966386
NGFR,8.325998306274414,0.330176442861557,0.4187675216647182,0,0.00542163522914052,202,3,False,,,
NME1,8.499543190002441,0.11750917881727219,0.43440928117242494,0,6.280654430389404,208,3,False,,,
NMRK1,8.473922729492188,0.09393640607595444,0.4258645571257585,0,0.6991551518440247,251,3,False,,,
NOLC1,11.85874080657959,0.041201818734407425,0.3034149726551984,0,2.13462233543396,96,3,True,-38.66934909557043,-11.005982053838508,0.2941176470588235
NONO,10.546581268310547,0.11655662208795547,0.5607667016416892,2,3.4807934761047363,203,3,True,8.504023643355637,61.508973080757706,0.7815126050420168
NPC1,11.409499168395996,0.0008712586713954806,0.3912798525496144,0,1.1956764459609985,267,3,True,-59.66773963822817,12.797607178464588,0.3277310924369748
NPC2,8.3639497756958,0.1624397486448288,0.4492355290563752,1,4.896434783935547,241,3,False,,,
NSG1,8.33530330657959,0.19234684109687805,0.35039950530153097,0,0.09516036510467529,233,3,False,,,
NT5E,6.955708980560303,0.09878303855657578,0.4406785694377647,0,1.598304271697998,301,3,False,,,
NUP50-AS1,8.816751480102539,0.3454151749610901,0.4571486427222382,0,0.7160598635673523,229,3,False,,,
P2RX4,11.568887710571289,0.05446276068687439,0.2981092322790278,0,0.2057977318763733,107,3,True,-34.168544366899305,-14.10418743768696,0.3025210084033613
PABPC1,16.038198471069336,0.059320300817489624,0.45723172729555367,0,5.759490013122559,75,3,True,-35.677396382281714,28.976071784646052,0.48739495798319327
PAICS,13.884371757507324,0.14928564429283142,0.427651157837011,1,4.178534030914307,76,3,True,14.158887622845754,22.28265204386838,0.680672268907563
PET100,12.673728942871094,0.2902819812297821,0.3992845203630226,0,1.8670880794525146,107,3,True,49.16210653753027,11.88983050847456,0.7773109243697479
PFDN4,8.338471412658691,0.02282879315316677,0.4772627707318673,0,4.838434219360352,239,3,False,,,
PFN1,12.337449073791504,0.1818896234035492,0.299178348639134,0,7.2348785400390625,110,3,True,30.495976356644356,-13.508973080757755,0.5798319327731092
PIK3IP1,9.153336524963379,0.14201538264751434,0.4760904799763806,0,0.006336636375635862,201,3,False,,,
POLD2,18.124303817749023,0.012796607799828053,0.1781575731279491,1,3.498267650604248,49,3,True,-56.512070930066926,-39.526919242273195,0.08403361344537814
PPA1,18.82063102722168,0.060142237693071365,0.31774999508897533,0,5.166674613952637,40,3,True,-36.01287565873807,-19.428713858424743,0.2563025210084034
PPIA,8.911170959472656,0.09640541672706604,0.4435094707937086,0,7.031311988830566,201,3,False,,,
PRELID3B,23.524686813354492,0.001965020317584276,0.40395776878010375,2,4.3909807205200195,39,2,True,-67.01448511608032,5.767696909272161,0.29831932773109243
PROS1,8.466682434082031,0.02279169298708439,0.4028525391125688,0,0.34197351336479187,189,3,False,,,
PSAP,8.908561706542969,0.1647564321756363,0.4453165311786545,0,3.002112627029419,278,3,False,,,
PSMB8-AS1,8.927910804748535,0.14882127940654755,0.33241090055571837,0,0.7318259477615356,201,3,False,,,
PTMA,10.001346588134766,0.3698595464229584,0.5337843144199389,2,8.2319917678833,211,3,True,59.174982196268324,63.318544366899275,0.9915966386554622
PUF60,13.180953025817871,0.298799067735672,0.38460304864978384,0,3.9088339805603027,78,3,True,48.826627261073924,3.485044865403765,0.7436974789915967
PYGB,9.015373229980469,0.09937959164381027,0.46133039980339685,0,1.8046828508377075,193,3,False,,,
RAB27A,8.91536808013916,0.1957060694694519,0.42609788493924766,0,2.226921558380127,226,3,False,,,
RB1,8.94908618927002,0.002367823850363493,0.46353713831220417,0,0.894427478313446,263,3,False,,,
RBP7,8.272185325622559,0.1707494705915451,0.47542236951728717,0,0.011851138435304165,234,3,False,,,
RNASEH2A,13.819657325744629,0.10307787358760834,0.4024551889680768,0,0.10624280571937561,103,3,True,-9.674177467597204,11.583250249252217,0.5126050420168067
RNF213,8.821274757385254,0.12965382635593414,0.4047494014584834,0,3.600273370742798,208,3,False,,,
ROMO1,17.038330078125,0.20028580725193024,0.4370945862350984,0,4.200402736663818,50,3,True,31.9887337986042,24.374875373878353,0.7521008403361344
RPSA,11.51593017578125,0.028722362592816353,0.3265930770097277,0,7.4796271324157715,110,3,True,-43.001609457342255,-4.803589232303111,0.31512605042016806
RRS1,15.779045104980469,0.12994985282421112,0.38659825418684196,0,2.265813112258911,65,3,True,5.823408346389414,0.8778664007975863,0.542016806722689
RTP4,7.668420791625977,0.13896282017230988,0.47266797831842755,0,0.39699146151542664,274,3,False,,,
RUVBL2,37.23873519897461,0.07243261486291885,,144,2.99340558052063,27,1,True,-33.68222475430849,-17.434695912263223,0.2899159663865546
S100A6,8.215313911437988,0.09109493345022202,0.4282077037850116,0,8.837453842163086,216,3,False,,,
S100B,8.200884819030762,0.05258769914507866,0.36466755350683505,0,0.002596805104985833,227,3,False,,,
SAE1,22.937124252319336,0.07752847671508789,0.4330870252587704,4,2.3923451900482178,36,2,True,-30.847550206523266,17.068295114656024,0.4579831932773109
SAT1,9.170238494873047,0.06911855936050415,0.47405045068435775,0,5.291391372680664,201,3,False,,,
SCARB2,9.213961601257324,0.0815935954451561,0.526622937071531,1,3.433166742324829,215,3,False,,,
SDC3,7.9223456382751465,0.11544778198003769,0.4114969356674603,0,0.26487624645233154,251,3,False,,,
SDCBP,8.46314525604248,0.1788800209760666,0.45602651061998856,1,4.0525126457214355,227,3,False,,,
SEC11C,8.408499717712402,0.26238712668418884,0.445215558865351,1,3.939906358718872,218,3,False,,,
SERPINA3,9.162965774536133,0.11479451507329941,0.3878064032163418,0,0.0010415330762043595,188,3,False,,,
SERPINE2,9.212787628173828,0.13576050102710724,0.488866241925571,1,5.1825480461120605,186,3,False,,,
SERPINF1,8.351221084594727,0.08316795527935028,0.3787613795086447,0,0.00449917558580637,219,3,False,,,
SET,12.145081520080566,0.26700326800346375,0.521666474518263,1,6.408448696136475,161,3,True,44.82984617575844,47.09222333000995,0.9033613445378151
SGK1,8.948904991149902,0.1573140025138855,0.4704009829982829,0,1.517385721206665,202,3,False,,,
SHMT2,9.657174110412598,0.0834842398762703,0.4259530032673737,0,2.374483585357666,162,3,True,-9.820189431704904,42.72931206380855,0.634453781512605
SINHCAF,12.977023124694824,0.28061723709106445,0.4344760589777199,0,3.078322172164917,134,3,True,47.16049708018801,28.086241276171464,0.8319327731092436
SLC19A1,9.534263610839844,0.06537178158760071,0.4179468763306025,0,0.667030394077301,165,3,True,-17.985514883919684,43.23230309072779,0.6050420168067226
SLC22A18,8.040626525878906,0.1275046020746231,0.4435832784034663,0,0.5638662576675415,286,3,False,,,
SLC25A13,8.757779121398926,0.16626311838626862,0.4582949124815851,0,1.8002254962921143,220,3,False,,,
SLC26A2,8.44198226928711,0.36461883783340454,0.46436350069068477,0,0.7302019000053406,225,3,False,,,
SLC5A3,8.761462211608887,0.05071437358856201,0.31039783151864214,0,0.6436623930931091,236,3,False,,,
SLC7A5P1,9.00996208190918,0.18359412252902985,0.39169774824417214,0,0.7160598635673523,200,3,False,,,
SLIRP,10.01524829864502,0.13278484344482422,0.45288712158394356,6,6.09286642074585,149,3,True,19.84111237715424,48.717347956131576,0.8067226890756303
SMAD3,9.314860343933105,0.2190418690443039,0.4674209287757483,0,2.0897021293640137,239,3,False,,,
SMAD4,9.041439056396484,0.21845369040966034,0.5031819926133306,1,0.7569073438644409,214,3,False,,,
SNHG6,9.187170028686523,0.2017398327589035,0.4426066062216443,0,0.7160598635673523,178,3,False,,,
SNRPG,23.528791427612305,0.12107881903648376,0.4024836434884121,0,5.817806720733643,32,2,True,-1.1814200256373653,4.467098703888325,0.5294117647058824
SOX4,8.655673027038574,0.062483109533786774,0.4911321238810446,0,1.9353071451187134,223,3,False,,,
SP100,9.274836540222168,0.346924751996994,0.503050060933791,1,3.716362476348877,206,3,False,,,
SPESP1,8.737686157226562,0.3130982518196106,0.4656150556208551,0,1.4848098754882812,214,3,False,,,
SPINT1,8.540217399597168,0.281634122133255,0.45168983336030916,0,0.0257683414965868,208,3,False,,,
SSR2,10.892936706542969,0.17935733497142792,0.44418046152880414,1,5.451352596282959,151,3,True,33.1685443668993,40.10418743768692,0.8319327731092436
ST3GAL6-AS1,8.631186485290527,0.16364553570747375,0.4513359768047413,0,0.02294890396296978,213,3,False,,,
ST6GALNAC2,9.497844696044922,0.009778852574527264,0.4064085004208359,0,0.0030727859120815992,158,3,True,-40.6516450648056,39.83349950149549,0.5
STAT1,16.82400894165039,0.9244171977043152,0.4730387734182176,37,5.419736862182617,239,3,True,51.155668708161244,32.67547357926219,0.8739495798319328
STAT3,10.614304542541504,0.2192973792552948,0.4981646713011436,1,2.648198366165161,179,3,True,44.17015382424155,52.90777666999001,0.9117647058823529
STOM,8.6491117477417,0.19435587525367737,0.3011535595899744,0,1.9301698207855225,224,3,False,,,
STX7,9.310327529907227,0.2161841094493866,0.355358733266495,0,0.8558405041694641,202,3,False,,,
TAPBP,9.688850402832031,0.27241820096969604,0.3769711137744069,1,3.6105575561523438,176,3,True,57.512070930066926,20.526919242273152,0.8361344537815125
TAPBPL,9.550426483154297,0.2691904902458191,0.4821028054156513,0,0.2287251055240631,211,3,True,57.84755020652327,63.93170488534394,0.9915966386554622
TFAP2A,9.38054370880127,0.028243819251656532,0.5015732977169185,0,2.1204230785369873,203,3,False,,,
TGFB1,8.347461700439453,0.15897312760353088,0.4737336355938953,1,2.9128072261810303,238,3,False,,,
TIMM50,13.057225227355957,0.09082271158695221,0.03809463219010686,0,3.0551834106445312,113,3,True,-18.006437829369034,-42.214356929212386,0.2184873949579832
TIMP1,9.802408218383789,0.204353928565979,0.3823530613891455,1,7.012452125549316,205,3,True,46.677396382281714,21.023928215353912,0.7983193277310925
TIMP2,9.725319862365723,0.10026687383651733,0.4331396935177007,1,4.392159938812256,155,3,True,1.1782011109528412,46.92572283150545,0.7058823529411764
TIMP3,9.437666893005371,0.2535618245601654,0.4018496718681048,1,2.4432895183563232,170,3,True,53.84915966386553,35.73529411764703,0.8949579831932772
TM4SF1,10.405046463012695,0.054167378693819046,0.2879570449317109,0,3.6059460639953613,199,3,True,-31.16210653753027,-8.889830508474603,0.3445378151260504
TMED10,20.016277313232422,0.07486136257648468,0.567395667247533,5,4.074592113494873,54,3,True,-31.346745477852153,42.97008973080756,0.5546218487394958
TMEM173,9.157398223876953,0.1122157871723175,0.4773448016316239,0,0.3006221354007721,194,3,False,,,
TOP1MT,11.718205451965332,0.23652490973472595,-0.06014904522881689,0,0.7437148690223694,179,3,True,41.49758581398661,-45.70538384845466,0.46638655462184875
TP53,9.103888511657715,0.0022396075073629618,0.4772662488927288,0,0.1191868931055069,184,3,False,,,
TPP1,8.70814037322998,0.13204099237918854,0.3952526163030529,0,0.6878983378410339,187,3,False,,,
TPRKB,18.8471622467041,0.016357421875,0.5306102458214227,2,3.691746950149536,57,3,True,-56.179810568295096,37.27068793619141,0.4369747899159664
TRIM22,10.378462791442871,0.19174978137016296,0.4522471717143597,0,0.3477077782154083,150,3,True,39.00482837202677,44.41076769690925,0.865546218487395
TSC22D3,8.537908554077148,0.35998064279556274,0.44179609233642797,0,0.26242026686668396,227,3,False,,,
TTLL1,9.077568054199219,0.11145481467247009,0.3333277527141914,0,0.0764889046549797,224,3,False,,,
TXNDC17,12.88943862915039,0.16908346116542816,0.6450976272694332,2,4.5739545822143555,166,3,True,21.828236718416186,53.28863409770686,0.8403361344537815
TYR,10.12344741821289,0.08435303717851639,0.06297302618898755,0,0.7160598635673523,221,3,True,-11.659692351516888,-26.184446660019965,0.31932773109243695
UBC,13.28486156463623,0.26862624287605286,0.41330943507832135,0,7.236730575561523,75,3,True,43.49275744195984,16.88384845463608,0.7605042016806722
UCN2,10.49649429321289,0.1726619005203247,0.28740167614213136,0,0.15300820767879486,157,3,True,32.67095855291269,-10.190428713858452,0.6176470588235294
UQCRFS1,11.947366714477539,0.029325155541300774,0.410361594842333,1,5.023189067840576,99,3,True,-42.836284005127474,20.693419740777642,0.4159663865546218
UQCRH,12.955594062805176,0.10979634523391724,0.34927159053603013,1,6.832310676574707,72,3,True,-2.5056331006979065,-8.312562313060837,0.46218487394957986
VAT1,10.79423999786377,0.16297686100006104,0.3980258950665702,1,2.614053249359131,141,3,True,24.836284005127467,19.306580259222308,0.7058823529411765
VDAC2,10.232142448425293,0.1704534888267517,0.24693965224401834,1,4.874546051025391,198,3,True,29.672568010254942,-11.386839481555356,0.5840336134453782
WBP2,9.697089195251465,0.19099272787570953,0.3979341327117041,0,1.7098761796951294,201,3,True,42.345136020509884,28.226321036889303,0.8151260504201681
WNT7A,8.96205997467041,0.17252634465694427,0.42525670724326076,0,0.0002120279095834121,202,3,False,,,
XAGE1A,10.83144760131836,0.10545776784420013,0.3182845590930036,0,0.005601543467491865,134,3,True,-0.4975858139866176,-1.2946161515453838,0.5042016806722689
