gene,M_prot,S_prot,surf_shift,n_cells,M_rna,S_rna,C_rna,detectable,is_pos
A2M,0.17459159326294627,0.07583280061687593,0.012621414815794152,519,11.361263275146484,0.0044031403958797,0.0378151260504201,True,False
ACSL3,0.17668897025836927,0.21751791812656676,0.043948443864106644,225,9.89641284942627,0.119309514760971,0.4915966386554621,True,False
ACTA2,0.15505822109814252,0.004516802072077014,0.013527356338062605,602,10.201689720153809,0.0295353028923273,0.1428571428571428,True,False
AEBP1,0.1729338863142158,0.38603955271022977,0.045681951149946665,526,9.901880264282228,0.0825736001133918,0.2563025210084033,True,False
AGA,0.1393040684695961,0.160915563829447,0.002629337726849812,414,9.241788864135742,0.0190029609948396,,False,False
AHCY,0.5375583916410318,0.36769851622756117,-0.005305505130402066,34,31.3736515045166,0.1097815558314323,0.3739495798319328,True,False
AHNAK,0.201807779753522,0.2388010742181867,0.04064410649133613,428,9.381912231445312,0.0282825883477926,,False,False
APOC2,0.15821578050645166,0.10352710077738202,0.018361285810242694,465,9.407272338867188,0.0194304082542657,,False,False
APOD,0.18143310655632916,0.37844448459584873,0.04592828380457229,457,10.00270652770996,0.0807352736592292,0.2016806722689075,True,False
APOE,0.1666941146408797,0.3985814652187894,0.05095156376490587,455,9.410789489746094,0.0696308687329292,,False,False
ARMC6,0.18043178568749324,0.1885270316635953,0.023829610233629544,376,8.042365074157715,0.0206548813730478,,False,False
ATP1A1,0.43539874113241567,0.22673358973349658,-0.0049218218304202255,27,38.949954986572266,0.0300803519785404,0.2184873949579832,True,False
ATP1B1,0.165282935492629,0.326415152142045,0.0484545806655311,447,10.271072387695312,0.0919788181781768,0.3025210084033614,True,False
ATP5MD,0.2258739839855735,0.15396224275417278,0.012948449283540516,246,10.23055934906006,0.1139741614460945,0.5756302521008403,True,False
B2M,1.1699613118668342,0.015475277473795181,-0.33889382237488647,532,11.15268611907959,0.0953198224306106,0.2394957983193277,True,True
BOLA2,0.18314043760875431,0.27010684667151796,-0.0024602268241485925,293,11.18545627593994,0.1274502575397491,0.3529411764705882,True,False
BOLA2B,0.1748861478188206,0.05187042781817828,0.0002756402983706459,269,10.079734802246094,0.0842076018452644,0.3487394957983193,True,False
BZW2,0.2219236242934695,0.02868501191420242,0.029626349706411353,366,11.10177230834961,0.1110711172223091,0.273109243697479,True,False
C19orf48,0.158532977132665,0.07102797375609139,0.009908987994900994,447,9.966384887695312,0.0213728081434965,0.1092436974789916,True,False
C1QBP,0.22468060921327943,0.09968105659815356,0.023161813445260287,301,11.26764965057373,0.0915998667478561,0.2857142857142857,True,False
C6orf226,0.20587604056082193,0.03319005189259988,0.0028958003675948842,410,9.680132865905762,0.0419080890715122,0.2310924369747899,True,False
CCND1,0.332917723579752,0.04378282229405484,0.020046567140263278,271,16.006412506103516,0.1309079676866531,0.4243697478991596,True,False
CCND2,0.20198259908627475,0.11191349073708916,0.039133082246868844,405,10.846088409423828,0.055872868746519,0.1638655462184874,True,False
CCR10,0.17958592126832382,0.2389625061925053,0.03646558796637497,394,9.68563461303711,0.0281123407185077,0.1848739495798319,True,False
CCT3,0.4084367850688975,0.3593034681671435,0.11236291569142398,73,14.765294075012209,0.002183950971812,0.1092436974789916,True,False
CD151,0.22636017623217095,0.1006750699212618,0.009405470197335916,367,8.883648872375488,0.0628127455711364,,False,False
CD274,1.2478186128794357,0.8505934101567693,-0.3507587925995634,511,7.78207540512085,0.0830248519778251,,False,True
CD44,0.665930324872912,0.17314033282962588,0.11792714424046635,434,7.559483051300049,0.3019497692584991,,False,False
CD47,1.055458486270072,0.0011610786187206462,0.06394705037794006,425,7.931542873382568,0.1485563516616821,,False,False
CD58,0.8982505367432171,0.238112362321102,0.09186490874008173,412,7.646471500396728,0.1473350971937179,,False,False
CD59,0.5861732045033267,0.12658984978282048,0.03355525441176569,515,8.242450714111328,0.0335714928805828,,False,False
CD63,0.17303391742446778,0.2122248689464364,-0.005113855053298681,351,8.51056957244873,0.0009494536789134,,False,False
CDC123,0.2313952110853015,0.18343445361138036,0.038184363305602265,136,12.517200469970703,0.0212877485901117,0.1470588235294117,True,False
CDH19,0.1502824007059627,0.03198266294134483,0.014000743023746062,460,9.78498649597168,0.0044169556349515,0.1512605042016807,True,False
CDK4,0.19937985490558802,0.3326271938880072,0.03932894567965576,344,8.923860549926758,0.2356757819652557,,False,False
CDK6,0.422832504871093,0.0621549534304982,0.021711560022327808,196,17.4981632232666,0.1722394526004791,0.4117647058823529,True,False
CDKN1A,0.17969582490609567,0.11003101943120712,0.00977934926121038,394,11.38083267211914,0.1042106449604034,0.3571428571428571,True,False
CDKN2A,0.11465519463481588,0.1667271708671204,-0.00936312627057249,394,9.744111061096191,0.007748810108751,0.1848739495798319,True,False
CDKN2B,0.13820172517201618,0.6643386808921329,-0.030705909803305897,413,10.302348136901855,0.2537555694580078,0.7184873949579832,True,False
CGAS,0.13881520258621188,0.26107794803947276,0.018048925052744136,307,8.387308120727539,0.2326486706733703,,False,False
CHCHD2,0.1814429779484093,0.123628681054298,0.02596823357479927,422,10.81395435333252,0.0215206369757652,0.1050420168067226,True,False
CITED1,0.17109125075378373,0.16488173567561742,0.039802472954812505,418,9.175880432128906,0.1532964408397674,,False,False
CKS1B,0.16976751112587068,0.4334320080862779,0.026101376942472793,409,11.446050643920898,0.004654349759221,0.0504201680672268,True,False
CMSS1,0.17443320599443685,0.032258968688194306,0.018161679874833525,399,8.53122329711914,0.0571438744664192,,False,False
CORO1A,0.17056557568919745,0.33797092684234264,-0.02110937926863854,372,10.02617073059082,0.1091482639312744,0.2983193277310924,True,False
CSPG4,0.1741080590244196,0.24302141575599115,0.035236439124953556,465,9.187170028686523,0.024438627064228,,False,False
CST3,0.27486104314306786,0.02022064657296825,0.0255544131163572,273,9.56471347808838,0.1247100681066513,0.5,True,False
CTPS1,0.32058886017106636,0.5035446920722197,-0.05100567307291026,189,12.238324165344238,0.092012770473957,0.6512605042016807,True,False
CTSA,0.1436194895901618,0.39796479158749837,0.017252978259593488,366,8.112677574157715,0.042050190269947,,False,False
CTSB,0.17228555311688498,0.17690662801689375,0.024982498837287242,433,8.770360946655273,0.1044922396540641,,False,False
CTSD,0.1054984386103532,0.18691952170081305,0.008195887679382174,478,8.937463760375977,0.1188579201698303,,False,False
CTSL,0.1242520600737013,0.21048045964755777,0.02252706960927812,355,9.103705406188965,0.0737198293209075,,False,False
CTSO,0.14158167645453176,0.021577108603037937,0.029635599938904373,422,8.032450675964355,0.1274832934141159,,False,False
CXCR4,0.12323141762925015,0.3175268045172523,0.030951832885011948,337,10.18675708770752,0.1727202832698822,0.4831932773109244,True,False
CYP27A1,0.18828288868636697,0.31892077655001555,-0.012622772527064377,354,8.198018074035645,0.1157169565558433,,False,False
DAG1,0.22473075495937692,0.5672304637656742,-0.03844359154029905,322,7.919214248657227,0.0408934466540813,,False,False
DDR1,0.21033453080935013,0.19493408827168998,0.03984461511576968,376,9.572555541992188,0.0660972744226455,0.315126050420168,True,False
DDX17,0.19771886565104044,0.24541137352112755,0.03898212503065431,307,11.160561561584473,0.0819401368498802,0.2436974789915966,True,False
DDX39A,0.16108061672300827,0.318066611139253,0.028378519857722957,248,9.422802925109863,0.0831783786416053,,False,False
DLL3,0.1681628342969526,0.0734134801176116,0.024098733465469573,371,9.01966667175293,0.0692366138100624,,False,False
DNMT1,0.43222468846718526,0.7356000567992097,-0.14108736872771474,140,11.593328475952148,0.1517258733510971,0.6134453781512605,True,False
E2F1,0.36179326435547626,0.5013287066105764,0.0964185671886657,257,12.70299243927002,0.1632864326238632,0.3571428571428571,True,False
EEA1,0.1849765548122514,0.19792648713141836,0.002711796767108902,296,8.943164825439453,0.1659580618143081,,False,False
EEF1G,0.420768485290813,0.5091012579856068,-0.17339484246690107,88,14.634819984436035,0.1707996428012848,0.6596638655462185,True,False
EIF3K,0.3452191185938646,0.14127899164421648,0.0355529477577465,319,12.952829360961914,0.146660104393959,0.6890756302521008,True,False
EIF4A1,0.45431028487759545,0.04270645433230577,0.0770477022557593,47,18.752416610717773,0.1545192301273346,0.5588235294117647,True,False
EMP1,0.147047486981783,0.3370045705768436,0.04514296570151314,378,8.020859718322754,0.1375913619995117,,False,False
ENPP1,0.14458026654508405,0.015053253923852573,0.007233019783117116,351,7.794008731842041,0.0402007400989532,,False,False
EVA1A,0.15477436987488877,0.01341324379590802,0.030523444438587084,312,7.797768592834473,0.2350062727928161,,False,False
FARSA,0.45911062069245107,0.4612782182606217,-0.09198846571930204,30,36.37423324584961,0.0981282815337181,0.3529411764705882,True,False
FBL,0.18741523903529902,0.0025064575318867028,-0.015166958628177149,136,12.027812957763672,0.0564887784421443,0.2605042016806723,True,False
FBXO32,0.1432856382912977,0.24613176689515662,0.02235705445331811,396,9.457643508911133,0.0370722487568855,0.3067226890756303,True,False
FGFR1,0.1478536241283675,0.1974990108758579,0.03148380856350023,467,7.001107692718506,0.0142429284751415,,False,False
FKBP4,0.17646090414069585,0.047019877237386855,0.0193504378649072,282,9.37960720062256,0.1132756397128105,,False,False
FMN1,0.1488978536151919,0.11151868572182563,-0.0005361369226419832,421,8.6387300491333,0.0016004781937226,,False,False
FOS,0.1699100534064468,0.17041758134008347,0.022642802152050168,280,8.6183500289917,0.006271069869399,,False,False
FOXM1,0.288037896511469,0.41996111866470937,0.04830343653286273,108,13.278176307678224,0.1939637064933776,0.5294117647058824,True,False
FRZB,0.1647150969911114,0.0042124002566145255,-0.018967806796137854,254,8.81596851348877,0.0603566989302635,,False,False
FSTL3,0.11776275803567827,0.17093534342327296,-0.0051831727208041896,416,6.899288654327393,0.134280651807785,,False,False
FTH1,0.3748360215869788,0.4420288086499379,0.08048223319494703,65,21.48016929626465,0.1407333612442016,0.6554621848739496,True,False
GAA,0.16556017329197006,0.38411825272576805,0.058412323165580204,336,8.14971923828125,0.0030262053478509,,False,False
GAS5,0.19005276307774355,0.20504411424838084,0.024077629891866865,347,8.747709274291992,0.0629252344369888,,False,False
GPATCH4,0.17714126713983097,0.24493892480329163,0.021133468916223364,260,10.296358108520508,0.1157531440258026,0.4831932773109244,True,False
GPI,0.7253258717652684,0.497704167523699,-0.06962309528579391,60,17.872638702392578,0.1239520460367202,0.5714285714285714,True,False
GPNMB,0.18932323634668918,0.004323126853742897,0.0351529798340929,306,9.885640144348145,0.0051945294253528,0.2563025210084033,True,False
GRN,0.11737269193180062,0.19166691902571345,0.016201225379727274,333,8.425168991088867,0.0392200723290443,,False,False
GSEC,0.3125588073892626,0.28096267579024914,-0.03144096001492791,169,10.566262245178224,0.0952128544449806,0.4621848739495798,True,False
GSN,0.16832654031763167,0.26215928793766863,0.010007121342658168,359,7.650533676147461,0.0460251048207283,,False,False
HASPIN,0.16614722029693468,0.31974077519878774,-0.009696021328065277,205,9.126675605773926,0.0374198369681835,,False,False
HLA-A,0.1894350879383374,0.028757338758292963,-0.04178996025720805,387,7.663946151733398,0.0041782264597713,,False,True
HLA-B,0.32244541178098934,0.14944342569659724,-0.09751215594389977,223,10.623641967773438,0.0656810775399208,0.2605042016806723,True,True
HLA-C,0.3237465733735995,0.017567931195994483,-0.08317211684335257,257,8.654647827148438,0.0915238559246063,,False,True
HLA-DRB5,0.1376109705729349,0.20028869085976422,0.025382529442101103,408,8.861662864685059,0.0078928600996732,,False,False
HLA-E,0.2292489384563626,0.302173465675445,0.011967288600235252,292,9.464442253112791,0.099115565419197,0.5336134453781513,True,True
HLA-F,0.1293166759995098,0.07662068483478625,-0.01613153782610081,350,7.744361400604248,0.1792688220739364,,False,False
HLA-H,0.17723967615152386,0.17141316302316129,0.046962925440426205,336,8.874093055725098,0.1909890919923782,,False,False
HNRNPA1,0.1893339694582671,0.23187573289495084,-0.019481262948563227,243,9.921031951904297,0.089225597679615,0.6932773109243697,True,False
HNRNPC,0.23216370571787628,0.2664511366494336,0.021059788448461125,96,12.96017837524414,0.1416961997747421,0.5672268907563025,True,False
HSPA1A,0.13516210911726068,0.40975475839001085,0.018745090424893623,287,9.019152641296388,0.1229367926716804,,False,False
IDH2,0.19398502419785144,0.17228485750326902,0.03736092346193457,355,9.662376403808594,0.0570001192390918,0.3025210084033613,True,False
IDI2-AS1,0.163264611008933,0.05580418402427638,0.021948002576407093,341,8.379948616027832,0.0514190420508384,,False,False
IFNGR1,0.8943763032565114,0.77954121035948,-0.3043622657348705,291,15.00477695465088,0.91838401556015,0.8739495798319328,True,True
IFNGR2,0.8368209266798403,0.9175381831706566,-0.31466903334040147,385,14.554086685180664,0.9324222803115844,0.9033613445378152,True,True
ILF2,0.389918620017132,0.7295509787895144,-0.12189553796735797,71,15.872384071350098,0.1946130394935608,0.6302521008403361,True,False
IRF3,0.15863285909859093,0.15025673793476443,0.02724927008302939,317,9.80311393737793,0.0228383131325244,0.315126050420168,True,True
IRF4,0.15929569623513334,0.11599143887734532,0.02241418003229123,282,8.781904220581055,0.0139393117278814,,False,False
ISYNA1,0.246810010959752,0.0476238429693981,0.028953140268234107,214,9.22333812713623,0.012381225824356,,False,False
ITGA3,0.5667867466346286,0.1612554373417912,-0.007137203627024265,286,8.252640724182129,0.0194010138511657,,False,False
JAK1,0.7189746470992833,0.9073933539296009,-0.24112760737324856,338,15.409534454345703,0.904866337776184,0.915966386554622,True,True
JAK2,0.8382434592032112,0.9027396350324602,-0.29608823830275505,340,14.412513732910156,0.9230846166610718,0.8571428571428572,True,True
JMJD7,0.10006326347221503,0.08751399449986402,-0.0020568213579865344,363,7.19666051864624,0.1563552916049957,,False,False
JPT1,0.21441264265645327,0.016442368480839808,0.009664996059100095,198,9.498420715332031,0.1145943254232406,0.7016806722689075,True,False
KCNN4,0.1384414988481275,0.3536998911022534,0.014981183732733641,356,7.883513450622559,0.2763186693191528,,False,False
KDR,0.16396329589503333,0.03382825598651937,0.01389651447659009,347,8.295180320739746,0.077677734196186,,False,False
KLF4,0.2155324360349806,0.3160173426544852,0.02304976836230958,289,8.941033363342285,0.1334892213344574,,False,False
LAMP2,0.16021516663286925,0.03363146210710782,0.02544105276451684,308,7.873937606811523,0.1789902448654174,,False,False
LCP1,0.14199282021407894,0.3613670474952329,0.017987312981982972,360,7.811679840087891,0.1202308535575866,,False,False
LEF1-AS1,0.12366652173167755,0.30207894739326174,-0.027460686273385937,358,7.713508129119873,0.1882616132497787,,False,False
LGALS3,0.14466095424984637,0.13383636218505945,0.0059154129689885275,263,8.154508590698242,0.3710787296295166,,False,False
LGALS3BP,0.1607455717644482,0.003746955939838313,0.012990184481072179,253,8.444055557250977,0.1483086943626403,,False,False
LINC00518,0.15156475685546475,0.2251987385140652,0.029603276542578622,336,7.700250148773193,0.0153591996058821,,False,False
LRPAP1,0.18389686235541863,0.24802721290163893,-0.00042308540272610146,334,8.123479843139648,0.1471714079380035,,False,False
LRRC75A-AS1,0.24136968831067432,0.13584931902100078,0.01524397467085481,193,9.911280632019045,0.103097379207611,0.5966386554621849,True,False
LY96,0.17691472232919636,0.41804168251548485,0.02044247473387828,319,7.86627197265625,0.201846495270729,,False,False
MC1R,0.1633691761752871,0.23512583154549338,-0.006464993796384877,291,8.778883934020996,0.1676089018583297,,False,False
MDH2,0.21947017790528425,0.19303084453014996,0.023770685023110156,220,9.599652290344238,0.0532266497611999,0.6428571428571428,True,False
MFGE8,0.11014670966609273,0.011815904466736856,-0.005156777143210685,424,8.14459228515625,0.1769607216119766,,False,False
MIA,0.12253758933922432,0.14615760610368383,0.012173818175532166,310,8.581835746765137,0.031593695282936,,False,False
MRPL47,0.28001294161718693,0.020754466860104338,0.020523570232224658,166,11.147263526916504,0.1307267546653747,0.7605042016806722,True,False
MT2A,0.1763740108912451,0.3007612633929381,-0.01581242000714204,211,11.00684928894043,0.0043106488883495,0.1470588235294117,True,False
MYC,0.5786337954147714,0.33903063743882345,0.07978222304645599,68,18.33380699157715,0.2598761916160583,0.8235294117647058,True,False
NACA,0.5550114526333824,0.10810098556430381,0.07623209864772829,42,22.55556869506836,0.2069607228040695,0.7142857142857143,True,False
NCL,0.4008012036293248,0.4351786360296456,0.062348528091137445,74,15.34542751312256,0.1726220846176147,0.6092436974789915,True,False
NDUFA13,0.18539702941992203,0.040679012877081436,-0.014895100533597364,153,11.40292739868164,0.153452530503273,0.7142857142857143,True,False
NEAT1,0.1878260804706749,0.5708703996659115,0.05203997352363358,256,9.851192474365234,0.1893370449542999,0.6974789915966386,True,False
NGFR,0.17309626618108012,0.3839252445645106,0.03411234875793715,239,8.325998306274414,0.330176442861557,,False,False
NME1,0.24714907059974925,0.06595795726761541,-0.004295154908072678,263,8.499543190002441,0.1175091788172721,,False,False
NMRK1,0.2053691618207046,0.07373518245615548,0.005744730863066668,290,8.473922729492188,0.0939364060759544,,False,False
NOLC1,0.2542629541469537,0.43912108509234954,-0.05571104291134873,108,11.85874080657959,0.0412018187344074,0.2941176470588235,True,False
NONO,0.2655295484206744,0.6900533995652675,0.056229374195398606,231,10.546581268310549,0.1165566220879554,0.7815126050420168,True,False
NPC1,0.23656349509704777,0.3130694057982099,-0.021578682235882957,320,11.409499168395996,0.0008712586713954,0.3277310924369748,True,False
NPC2,0.24247445918105007,0.2257515876800899,0.020083001016927577,286,8.3639497756958,0.1624397486448288,,False,False
NSG1,0.130886806685517,0.23891721710905167,-0.020371184269183124,292,8.33530330657959,0.192346841096878,,False,False
NT5E,0.11742539655508238,0.309146213652679,0.006964586072336705,358,6.955708980560303,0.0987830385565757,,False,False
NUP50-AS1,0.1849570192652202,0.43856443945474644,0.04385998419878401,273,8.816751480102539,0.3454151749610901,,False,False
P2RX4,0.21164588243786264,0.2011254575755066,-0.031113802782129312,136,11.568887710571287,0.0544627606868743,0.3025210084033613,True,False
PABPC1,0.43897703403585403,0.29907251561732423,-0.06030658764037374,84,16.038198471069336,0.0593203008174896,0.4873949579831932,True,False
PAICS,0.41050680742622236,0.10715508134939984,-0.050138591391004995,102,13.884371757507324,0.1492856442928314,0.680672268907563,True,False
PET100,0.2546873949745679,0.28093732263600524,-0.018226961138390174,146,12.673728942871094,0.2902819812297821,0.7773109243697479,True,False
PFDN4,0.11857214636196949,0.07939689033098973,-0.003447292312639775,284,8.338471412658691,0.0228287931531667,,False,False
PFN1,0.3685233629888702,0.34817736152280093,-0.038309220719743665,124,12.337449073791504,0.1818896234035492,0.5798319327731092,True,False
PIK3IP1,0.19410567137088103,0.3314940209318196,0.045792848365555194,229,9.15333652496338,0.1420153826475143,,False,False
POLD2,0.5434678580569668,0.11719705881518626,0.037994358270792006,69,18.124303817749023,0.012796607799828,0.0840336134453781,True,False
PPA1,0.35728606583311007,0.11111416493250684,-0.01898473531854783,56,18.82063102722168,0.0601422376930713,0.2563025210084034,True,False
PPIA,0.1827571218096186,0.05168161178660449,-0.0006646147779083197,244,8.911170959472656,0.096405416727066,,False,False
PRELID3B,0.5441062382802858,0.02422457351673763,0.009748756860672189,46,23.52468681335449,0.0019650203175842,0.2983193277310924,True,False
PROS1,0.11407894447881298,0.17655084125499415,-0.003923589976949342,199,8.466682434082031,0.0227916929870843,,False,False
PSAP,0.1959581538047224,0.21124093109563943,-0.025977591060232747,330,8.908561706542969,0.1647564321756363,,False,False
PSMB8-AS1,0.19619798414246167,0.2695920390365058,-0.0027018845906102706,225,8.927910804748535,0.1488212794065475,,False,False
PTMA,0.25847685068857074,0.5889693196670631,0.04949161101729801,226,10.001346588134766,0.3698595464229584,0.9915966386554622,True,False
PUF60,0.28785089568463385,0.3707562603631037,0.06852255456854102,109,13.180953025817873,0.298799067735672,0.7436974789915967,True,False
PYGB,0.17956957771156756,0.17831356626088127,-0.026653841953144502,230,9.015373229980469,0.0993795916438102,,False,False
RAB27A,0.16695504689596455,0.17253458703620786,0.0022241646788433433,268,8.91536808013916,0.1957060694694519,,False,False
RB1,0.16837986057031773,0.47477819008701594,0.029701111191977863,289,8.94908618927002,0.0023678238503634,,False,False
RBP7,0.10316767870889734,0.6595530330436319,0.032615308359643845,300,8.272185325622559,0.1707494705915451,,False,False
RNASEH2A,0.3367986311620703,0.25324333408557825,0.009448782924173097,157,13.819657325744627,0.1030778735876083,0.5126050420168067,True,False
RNF213,0.10906278408157151,0.11822151211440737,0.01619286218763068,260,8.821274757385254,0.1296538263559341,,False,False
ROMO1,0.44268006544743665,0.04434584408926409,0.014849154856883354,68,17.038330078125,0.2002858072519302,0.7521008403361344,True,False
RPSA,0.19374685450126133,0.11634440926315218,-0.034719775860482284,142,11.51593017578125,0.0287223625928163,0.315126050420168,True,False
RRS1,0.23216018398739063,0.04481558169127609,-0.011512586680811529,90,15.779045104980469,0.1299498528242111,0.542016806722689,True,False
RTP4,0.13465701560323382,0.07384075787868478,0.025923081565493018,332,7.668420791625977,0.1389628201723098,,False,False
RUVBL2,0.3785451612918614,0.38139788882551295,-0.023228391632424666,27,37.23873519897461,0.0724326148629188,0.2899159663865546,True,False
S100A6,0.16949485368132608,0.3365583504935264,0.022048422168478982,249,8.215313911437988,0.091094933450222,,False,False
S100B,0.10333470303042475,0.5399597081420932,0.020801237641677146,277,8.200884819030762,0.0525876991450786,,False,False
SAE1,0.5481529623647327,0.2161483413543415,-0.08046298166334147,38,22.937124252319336,0.0775284767150878,0.4579831932773109,True,False
SAT1,0.22689710510753466,0.039444294589184074,0.012771133275157073,218,9.170238494873049,0.0691185593605041,,False,False
SCARB2,0.1281053814843352,0.014550258073690132,-0.006501401668788469,251,9.213961601257324,0.0815935954451561,,False,False
SDC3,0.13230409375743135,0.11278784452481928,0.01094755631776693,317,7.922345638275146,0.1154477819800376,,False,False
SDCBP,0.23374885807285542,0.2754070077099443,0.01528552829292118,259,8.46314525604248,0.1788800209760666,,False,False
SEC11C,0.23318762210379493,0.09280381382746761,0.01215934296843324,252,8.408499717712402,0.2623871266841888,,False,False
SERPINA3,0.17256914196094933,0.08544958375120382,-0.030811110003830928,232,9.162965774536133,0.1147945150732994,,False,False
SERPINE2,0.16528262406652267,0.6856536719305423,0.049344696582983016,226,9.212787628173828,0.1357605010271072,,False,False
SERPINF1,0.16824927782015023,0.3388543896833739,-0.025306084048840122,241,8.351221084594727,0.0831679552793502,,False,False
SET,0.20185322379288712,0.3686710629871914,-0.032073438009594356,196,12.145081520080566,0.2670032680034637,0.9033613445378152,True,False
SGK1,0.16838236547280055,0.17593463974733467,0.004254281359348984,262,8.948904991149902,0.1573140025138855,,False,False
SHMT2,0.15961700562456754,0.004540095970475992,0.012793068510127662,203,9.657174110412598,0.0834842398762703,0.634453781512605,True,False
SINHCAF,0.3242168014402541,0.03476883651292025,0.05431702866964613,173,12.977023124694824,0.2806172370910644,0.8319327731092436,True,False
SLC19A1,0.16663675036567208,0.044203252775294355,-0.010003679294308121,198,9.534263610839844,0.0653717815876007,0.6050420168067226,True,False
SLC22A18,0.151267288793717,0.38972234599887334,0.024699575038986305,355,8.040626525878906,0.1275046020746231,,False,False
SLC25A13,0.10501342754142223,0.06318722067866407,0.003270627416611512,269,8.757779121398926,0.1662631183862686,,False,False
SLC26A2,0.13804525023548767,0.4642305920547273,0.03366536797413433,263,8.44198226928711,0.3646188378334045,,False,False
SLC5A3,0.13045026319196773,0.4957633241342578,0.03623240442397413,271,8.761462211608887,0.050714373588562,,False,False
SLC7A5P1,0.1916920810249359,0.13247672610959654,0.006687960576568767,260,9.00996208190918,0.1835941225290298,,False,False
SLIRP,0.20128805925834128,0.3513397111964217,-0.04585157065354869,169,10.01524829864502,0.1327848434448242,0.8067226890756303,True,False
SMAD3,0.16600946207390307,0.4551863074705417,0.028698826775648945,271,9.314860343933104,0.2190418690443039,,False,False
SMAD4,0.22202464977531045,0.3123832070761186,0.06539530601643484,274,9.041439056396484,0.2184536904096603,,False,False
SNHG6,0.22588566826804263,0.40132778320625845,0.021494704044411117,202,9.187170028686523,0.2017398327589035,,False,False
SNRPG,0.3240513126081033,0.2945296108462939,-0.018850743121168707,38,23.528791427612305,0.1210788190364837,0.5294117647058824,True,False
SOX4,0.15697794737839146,0.18590496936274736,0.0051288585172076795,262,8.655673027038574,0.0624831095337867,,False,False
SP100,0.1660461622094183,0.021684712998197665,0.011896539631091793,232,9.274836540222168,0.346924751996994,,False,False
SPESP1,0.1697953352126345,0.38951801522725865,0.019957313581118186,247,8.737686157226562,0.3130982518196106,,False,False
SPINT1,0.22320131405528584,0.032802495706262445,-0.0017294617632627924,228,8.540217399597168,0.281634122133255,,False,False
SSR2,0.5369755272253817,0.13582232142423875,0.09933690877452024,194,10.892936706542969,0.1793573349714279,0.8319327731092436,True,False
ST3GAL6-AS1,0.18145173758460523,0.3169802954107046,0.02497340893983931,258,8.631186485290527,0.1636455357074737,,False,False
ST6GALNAC2,0.21189831353659844,0.15853518423093202,-0.009230437179963266,200,9.497844696044922,0.0097788525745272,0.5,True,False
STAT1,1.0406340136959034,0.9003256655198802,-0.416455350815337,209,16.82400894165039,0.9244171977043152,0.8739495798319328,True,True
STAT3,0.49199810786381737,0.5653574376504577,0.1917647519922507,213,10.614304542541504,0.2192973792552948,0.9117647058823528,True,False
STOM,0.1899481936027373,0.17706236551128504,0.026477642876577428,275,8.6491117477417,0.1943558752536773,,False,False
STX7,0.2245330512409521,0.037377927269242064,-0.010487515811507161,247,9.310327529907228,0.2161841094493866,,False,False
TAPBP,0.8267974548485618,0.022945849618461772,-0.26766430512731365,220,9.688850402832031,0.272418200969696,0.8361344537815125,True,True
TAPBPL,0.16766072021942366,0.533836159876732,0.0605794025092166,245,9.550426483154297,0.2691904902458191,0.9915966386554622,True,False
TFAP2A,0.14904450558574364,0.0766685182114565,-0.006515145634053828,242,9.38054370880127,0.0282438192516565,,False,False
TGFB1,0.12660797440984564,0.32626478214560933,-0.021224426414263402,263,8.347461700439453,0.1589731276035308,,False,False
TIMM50,0.2890245771524631,0.13530744853240423,0.007158306147238669,127,13.057225227355955,0.0908227115869522,0.2184873949579832,True,False
TIMP1,0.1707036721212926,0.42223516663214683,0.033892717152011365,229,9.802408218383787,0.204353928565979,0.7983193277310925,True,False
TIMP2,0.16077676554795697,0.15680952059446887,-0.00503439648738054,189,9.725319862365724,0.1002668738365173,0.7058823529411764,True,False
TIMP3,0.19418800819693144,0.46836118736405474,0.04306549719534899,185,9.437666893005373,0.2535618245601654,0.8949579831932772,True,False
TM4SF1,0.2772736246015104,0.25405554929477,-0.018789620233952142,223,10.405046463012695,0.054167378693819,0.3445378151260504,True,False
TMED10,0.5122469099117328,0.31420451509403863,-0.09934920692088305,66,20.016277313232425,0.0748613625764846,0.5546218487394958,True,False
TMEM173,0.14749483558853604,0.1483997619624434,-0.0011885793546475194,216,9.157398223876951,0.1122157871723175,,False,False
TOP1MT,0.22174488193265332,0.2832157476740187,0.024557852683788777,201,11.718205451965332,0.2365249097347259,0.4663865546218487,True,False
TP53,0.12844212544194877,0.13602325351063785,-0.000913324116958029,221,9.103888511657717,0.0022396075073629,,False,False
TPP1,0.11992665477350045,0.05058074180853295,-0.015543279269197777,218,8.70814037322998,0.1320409923791885,,False,False
TPRKB,0.5104738930762558,0.33269914091829655,-0.1403966595325081,50,18.8471622467041,0.016357421875,0.4369747899159664,True,False
TRIM22,0.2257990236694614,0.13479379686752713,-0.023170936131369963,178,10.378462791442873,0.1917497813701629,0.865546218487395,True,False
TSC22D3,0.18174615795240165,0.2945696843306345,0.018514719962883158,239,8.537908554077148,0.3599806427955627,,False,False
TTLL1,0.3097901291748563,0.12250312169288548,0.007692563442913987,265,9.07756805419922,0.11145481467247,,False,False
TXNDC17,0.3159649785796617,0.3595002413800515,-0.07062993555506188,215,12.88943862915039,0.1690834611654281,0.8403361344537815,True,False
TYR,0.1698992373877699,0.5609324509342986,0.019621578748714136,265,10.12344741821289,0.0843530371785163,0.3193277310924369,True,False
UBC,0.27917469097109987,0.28416695092444205,0.045425680459212726,95,13.28486156463623,0.2686262428760528,0.7605042016806722,True,False
UCN2,0.28095279809101753,0.24958165334765006,-0.028529849578778504,193,10.49649429321289,0.1726619005203247,0.6176470588235294,True,False
UQCRFS1,0.2603646103367248,0.023322587842666467,-0.03534240277720587,111,11.94736671447754,0.0293251555413007,0.4159663865546218,True,False
UQCRH,0.30386076533796563,0.23892718490625442,-0.05174953971019355,77,12.955594062805176,0.1097963452339172,0.4621848739495798,True,False
VAT1,0.16536613061106975,0.08359923537093562,0.03392947968056396,154,10.79423999786377,0.162976861000061,0.7058823529411765,True,False
VDAC2,0.2013748781835575,0.2964710762069604,-0.021782151958103513,223,10.232142448425291,0.1704534888267517,0.5840336134453782,True,False
WBP2,0.24585658795708937,0.12841689839095793,0.011121029410952906,255,9.697089195251465,0.1909927278757095,0.8151260504201681,True,False
WNT7A,0.11523043221134292,0.2429384462573458,0.017882174791723753,267,8.96205997467041,0.1725263446569442,,False,False
XAGE1A,0.1879665231095853,0.5393960175868937,0.023451934391293523,160,10.83144760131836,0.1054577678442001,0.5042016806722689,True,False
